Object_ID,De-la-Faille_cat-no,type-of-literature,type-of-literature_URI,year_begin,year_end,title,ISBN,author(s),author_URI,in-exhibition-catalog,in-exhibition-catalog_ISBN,in-journal,in-journal_ISSN,in-series,in-series_ISSN,in-volume,publication-place,publication-place_URI,publisher,publisher_URI,pagination-statement
c9a53bed-48f1-43ea-9722-ee568ecbb1bd,F788,Catalogue Raisonné,http://vocab.getty.edu/aat/300026061,1928,1928,"L'Oeuvre de Vincent Van Gogh, catalogue raisonné",,"Faille, J.-B. de la.",,,,,,,,,Paris and Brussels,,,,1:no. 788; 2:repro.
c9a53bed-48f1-43ea-9722-ee568ecbb1bd,F788,Monograph,http://vocab.getty.edu/aat/300060417,1939,1939,Vincent Van Gogh,,"Faille, J.-B. de la.",,,,,,,,,New York and Paris,,,,"531, no. 788, repro."
c9a53bed-48f1-43ea-9722-ee568ecbb1bd,F788,Collection Catalogue,http://vocab.getty.edu/aat/300417819,1965,1965,Eighteenth and Nineteenth Century Paintings & Sculpture of the French School in the Chester Dale Collection,,,,,,,,,,,"National Gallery of Art, Washington",,,,"129, repro."
c9a53bed-48f1-43ea-9722-ee568ecbb1bd,F788,Catalogue Raisonné,http://vocab.getty.edu/aat/300026061,1970,1970,The Works of Vincent van Gogh: Paintings and Drawings,,"Faille, J.-B. de la",,,,,,,,,Amsterdam,,,,"no. F788, repro."
c9a53bed-48f1-43ea-9722-ee568ecbb1bd,F788,Catalogue Raisonné,http://vocab.getty.edu/aat/300026061,1980,1980,"The Complete Van Gogh: Paintings, drawings, sketches",,"Hulsker, Jan",,,,,,,,,New York,,,,"472, no. 2055, repro."
c9a53bed-48f1-43ea-9722-ee568ecbb1bd,F788,Collection Catalogue,http://vocab.getty.edu/aat/300417819,1985,1985,European Paintings: An Illustrated Catalogue,,National Gallery of Art,,,,,,,,,Washington,,,,"179, repro."
c9a53bed-48f1-43ea-9722-ee568ecbb1bd,F788,Monograph,http://vocab.getty.edu/aat/300060417,1986,1986,Von Böcklin zu Cézanne: Die Rezeption des franszösischen Impressionismus in der deutschen Schweiz,,"Gloor, Lukas",,,,,,,,,Bern,,,,"135, 281n."
c9a53bed-48f1-43ea-9722-ee568ecbb1bd,F788,Monograph,http://vocab.getty.edu/aat/300060417,1989,1989,Van Gogh,,"Wheldon, Keith",,,,,,,,,London,,,,repro.
c9a53bed-48f1-43ea-9722-ee568ecbb1bd,F788,Essay,http://vocab.getty.edu/aat/300026291,1988,1988,"Vincent van Gogh & Paul Cassirer, Berlin: The reception of Van Gogh in Germany from 1901 to 1914",,"Feilchenfeldt, Walter",,,,,,,,,Amsterdam,,,,"120, repro."
c9a53bed-48f1-43ea-9722-ee568ecbb1bd,F788,Monograph,http://vocab.getty.edu/aat/300060417,1993,1993,"Kunst, kennis en commercie: de kunsthandelaar J.H. de Bois (1878-1946)",,"Heijbroek, Jan Frederik and E.L. Wouthuysen",,,,,,,,,Amsterdam,,,,"201, repro."
c9a53bed-48f1-43ea-9722-ee568ecbb1bd,F788,Monograph,http://vocab.getty.edu/aat/300060417,1994,1994,Vincent van Gogh: Sämtliche Gemälde,,"Walther, Ingo F., and Rainer Metzger",,,,,,,,,Cologne,,,,2: 675.
c9a53bed-48f1-43ea-9722-ee568ecbb1bd,F788,Monograph,http://vocab.getty.edu/aat/300060417,1999,1999,Van Gogh: Provence and Auvers,,"Welsh-Ovcharov, Bogomila.",,,,,,,,,New York,,,,"281-283, repro. 279"
c9a53bed-48f1-43ea-9722-ee568ecbb1bd,F788,Ph.D. Dissertation,http://vocab.getty.edu/aat/300312076,2005,2005,Richard Kisling (1862-1917): Ein Schweizer Sammler und Kunstvermittler der Moderne,,"Volkart-Baumann, Silvia",,,,,,,,,University of Zurich,,,,"56-57, 127."
c9a53bed-48f1-43ea-9722-ee568ecbb1bd,F788,Collection Catalogue,http://vocab.getty.edu/aat/300417819,1965,1965,Summary Catalogue of European Paintings and Sculpture,,National Gallery of Art,,,,,,,,,Washington,,,,59.
c9a53bed-48f1-43ea-9722-ee568ecbb1bd,F788,Collection Catalogue,http://vocab.getty.edu/aat/300417819,1968,1968,European Paintings and Sculpture: Illustrations (Companion to the Summary Catalogue),,National Gallery of Art,,,,,,,,,Washington,,,,"51, repro."
c9a53bed-48f1-43ea-9722-ee568ecbb1bd,F788,Collection Catalogue,http://vocab.getty.edu/aat/300417819,1975,1975,European Paintings: An Illustrated Summary Catalogue,,National Gallery of Art,,,,,,,,,Washington,,,,"156, repro."
c9a53bed-48f1-43ea-9722-ee568ecbb1bd,F788,Essay,http://vocab.getty.edu/aat/300026291,1984,1984,"National Gallery of Art, Washington",,"Walker, John",,,,,,,,,New York,,,,"518, no. 778, color repro."
c9a53bed-48f1-43ea-9722-ee568ecbb1bd,F788,Monograph,http://vocab.getty.edu/aat/300060417,2002,2002,The account book of Theo van Gogh and Jo van Gogh-Bonger,,"Stolwijk, Chris, and Han Veenenbos",,,,,,,,,Amsterdam and Leiden,,,,"52 (17/9), 127 (92/2), 149, 190 no. F788 JH 2055."
c9a53bed-48f1-43ea-9722-ee568ecbb1bd,F788,Monograph,http://vocab.getty.edu/aat/300060417,1993,1993,"Primitivism, Cubism, Abstraction: The Early Twentieth Century",,"Harrison, Charles, Francis Frascina and Gill Perry",,,,,,,,,New Haven,,,,"201, repro."
c9a53bed-48f1-43ea-9722-ee568ecbb1bd,F788,Periodical,http://vocab.getty.edu/aat/300026657,1963,1963,Chester Dale: Collector,,"MacNeil, Neil",,,,McCalls,,,,,,,,,"124, repro."
c9a53bed-48f1-43ea-9722-ee568ecbb1bd,F788,Periodical,http://vocab.getty.edu/aat/300026657,1952,1952,Chesterdale's Way,,"McBride, Henry",,,,Art News,,,,51,,,,,"21, repro."
c9a53bed-48f1-43ea-9722-ee568ecbb1bd,F788,Monograph,http://vocab.getty.edu/aat/300060417,2008,2008,"Richard Kisling, 1862-1917 : Sammler, Mäzen und Kunstvermittler",,"Volkart, Silvia",,,,,,,,,Bern,,,,"14, 15, 24, 201."
c9a53bed-48f1-43ea-9722-ee568ecbb1bd,F788,Monograph,http://vocab.getty.edu/aat/300060417,1999,1999,The Bellagio Gallery of Fine Art: European and American Masters,,"Lumpkin, Libby, ed.",,,,,,,,,Las Vegas,,,,"103, repro."
c9a53bed-48f1-43ea-9722-ee568ecbb1bd,F788,Periodical,http://vocab.getty.edu/aat/300026657,1953,1953,Ladies Home Journal,,"Walker, John",,,,Ladies Home Journal,,,,,,,,,"61+, repro."
c9a53bed-48f1-43ea-9722-ee568ecbb1bd,F788,Collection Catalogue,http://vocab.getty.edu/aat/300417819,1975,1975,"National Gallery of Art, Washington",,"Walker, John",,,,,,,,,New York,,,,"522, repro. 523."
c9a53bed-48f1-43ea-9722-ee568ecbb1bd,F788,Monograph,http://vocab.getty.edu/aat/300060417,1994,1994,Les 70 jours de van Gogh à Auvers,,"Gachet, Paul",,,,,,,,,Saint-Ouen-l'Aumône,,,,"159, 318 (where dated around 25 June 1890), color repro XXVII."
c9a53bed-48f1-43ea-9722-ee568ecbb1bd,F788,Monograph,http://vocab.getty.edu/aat/300060417,2009,2009,Vincent van Gogh à Auvers,,"Van der Veen, Wouter, and Peter Knapp",,,,,,,,,Paris,,,,"179, repro."
af9afacf-ba8b-4c01-a13a-c2bf7fa32af6,F440,Periodical,http://vocab.getty.edu/aat/300026657,1928,1928,Exhibitions in New York,,,,,,The Arts,,,,"16, no. 5",,,,,"268, repro."
af9afacf-ba8b-4c01-a13a-c2bf7fa32af6,F440,Catalogue Raisonné,http://vocab.getty.edu/aat/300026061,1928,1928,"L'Oeuvre de Vincent Van Gogh, catalogue raisonné",,"Faille, J.-B. de la.",,,,,,,,,Paris and Brussels,,,,1:no. 440; 2:repro.
af9afacf-ba8b-4c01-a13a-c2bf7fa32af6,F440,Periodical,http://vocab.getty.edu/aat/300026657,1929,1929,French Art in the Chester Dale Collection,,"Dale, Maud",,,,Art News,,,,,,,,,"46, repro."
af9afacf-ba8b-4c01-a13a-c2bf7fa32af6,F440,Collection Catalogue,http://vocab.getty.edu/aat/300417819,1929,1929,Before Manet to Modigliani from the Chester Dale Collection,,"Dale, Maud",,,,,,,,,New York,,,,"no. 65, repro."
af9afacf-ba8b-4c01-a13a-c2bf7fa32af6,F440,Monograph,http://vocab.getty.edu/aat/300060417,1937,1937,"Vincent van Gogh's Great Period: Arles, St. Rémy and Auvers sur Oise (Complete Catalogue)",,"Scherjon, W., and Jos. de Gruyter",,,,,,,,,Amsterdam,,,,"154-155, no. 126, repro."
af9afacf-ba8b-4c01-a13a-c2bf7fa32af6,F440,Monograph,http://vocab.getty.edu/aat/300060417,1939,1939,Vincent Van Gogh,,"Faille, J.-B. de la.",,,,,,,,,New York and Paris,,,,"340, no. 440, repro."
af9afacf-ba8b-4c01-a13a-c2bf7fa32af6,F440,Collection Catalogue,http://vocab.getty.edu/aat/300417819,1965,1965,Eighteenth and Nineteenth Century Paintings & Sculpture of the French School in the Chester Dale Collection,,,,,,,,,,,"National Gallery of Art, Washington",,,,"126, repro."
af9afacf-ba8b-4c01-a13a-c2bf7fa32af6,F440,Catalogue Raisonné,http://vocab.getty.edu/aat/300026061,1970,1970,The Works of Vincent van Gogh: Paintings and Drawings,,"Faille, J.-B. de la",,,,,,,,,Amsterdam,,,,"no. F440, repro."
af9afacf-ba8b-4c01-a13a-c2bf7fa32af6,F440,Periodical,http://vocab.getty.edu/aat/300026657,1973,1973,The new de la Faille,,"Pickvance, Ronald",,,,The Burlington Magazine,,,,115,,,,,176.
af9afacf-ba8b-4c01-a13a-c2bf7fa32af6,F440,Catalogue Raisonné,http://vocab.getty.edu/aat/300026061,1980,1980,"The Complete Van Gogh: Paintings, drawings, sketches",,"Hulsker, Jan",,,,,,,,,New York,,,,"378-380, no. 1639, repro."
af9afacf-ba8b-4c01-a13a-c2bf7fa32af6,F440,Collection Catalogue,http://vocab.getty.edu/aat/300417819,1985,1985,European Paintings: An Illustrated Catalogue,,National Gallery of Art,,,,,,,,,Washington,,,,"179, repro."
af9afacf-ba8b-4c01-a13a-c2bf7fa32af6,F440,Monograph,http://vocab.getty.edu/aat/300060417,1994,1994,Vincent van Gogh: Sämtliche Gemälde,,"Walther, Ingo F., and Rainer Metzger",,,,,,,,,Cologne,,,,2:462. repro.
af9afacf-ba8b-4c01-a13a-c2bf7fa32af6,F440,Collection Catalogue,http://vocab.getty.edu/aat/300417819,1965,1965,Summary Catalogue of European Paintings and Sculpture,,National Gallery of Art,,,,,,,,,Washington,,,,59.
af9afacf-ba8b-4c01-a13a-c2bf7fa32af6,F440,Collection Catalogue,http://vocab.getty.edu/aat/300417819,1968,1968,European Paintings and Sculpture: Illustrations (Companion to the Summary Catalogue),,National Gallery of Art,,,,,,,,,Washington,,,,"52, repro."
af9afacf-ba8b-4c01-a13a-c2bf7fa32af6,F440,Collection Catalogue,http://vocab.getty.edu/aat/300417819,1975,1975,European Paintings: An Illustrated Summary Catalogue,,National Gallery of Art,,,,,,,,,Washington,,,,"156, repro."
af9afacf-ba8b-4c01-a13a-c2bf7fa32af6,F440,Essay,http://vocab.getty.edu/aat/300026291,1984,1984,"National Gallery of Art, Washington",,"Walker, John",,,,,,,,,New York,,,,"520, no. 779, color repro."
af9afacf-ba8b-4c01-a13a-c2bf7fa32af6,F440,Exhibition Catalogue,http://vocab.getty.edu/aat/300026096,2013,2013,Van Gogh Repetitions,,"Rathbone, Eliza E., William H. Robinson, Elizabeth Steele, and Marcia Steele",,,,,,,,,New Haven and London,,,,"113, 117, repro. (detail) 112, 114 fig. 53."
af9afacf-ba8b-4c01-a13a-c2bf7fa32af6,F440,Review,http://vocab.getty.edu/aat/300026480,1963,1963,The Artist Looks at Children,,"Kuh, Katherine",,,,Saturday Review of Literature,,,,,,,,,36.
af9afacf-ba8b-4c01-a13a-c2bf7fa32af6,F440,Monograph,http://vocab.getty.edu/aat/300060417,1951,1951,Van Gogh,,"Leymarie, Jean",,,,,,,,,Paris,,,,"119, no. 102."
af9afacf-ba8b-4c01-a13a-c2bf7fa32af6,F440,Newspaper,http://vocab.getty.edu/aat/300026656,1923,1923,Vincent van Gogh,,"Coquiot, Gustave",,,,,,,,,Paris,,,,179.
af9afacf-ba8b-4c01-a13a-c2bf7fa32af6,F440,Collection Catalogue,http://vocab.getty.edu/aat/300417819,1975,1975,"National Gallery of Art, Washington",,"Walker, John",,,,,,,,,New York,,,,repro. 524.
af9afacf-ba8b-4c01-a13a-c2bf7fa32af6,F440,Periodical,http://vocab.getty.edu/aat/300026657,1955,1955,Van Gogh et la famille Roulin,,"Priou, J.-N.",,,,Revue des PTT de France,,,,2,,,,,26-32.
af9afacf-ba8b-4c01-a13a-c2bf7fa32af6,F440,Exhibition Catalogue,http://vocab.getty.edu/aat/300026096,2000,2000,Van Gogh,,"Pickvance, Ronald",,,,,,,,,Martigny,,,,"305-306, no. 71."
af9afacf-ba8b-4c01-a13a-c2bf7fa32af6,F440,Exhibition Catalogue,http://vocab.getty.edu/aat/300026096,2000,2000,Van Gogh Face to Face: The Portraits,,"Dorn, Roland et al.",,,,,,,,,Detroit Institute of Arts,,,,164-171.
af9afacf-ba8b-4c01-a13a-c2bf7fa32af6,F440,Exhibition Catalogue,http://vocab.getty.edu/aat/300026096,2001,2001,Van Gogh and Gauguin: The Studio of the South,,"Druick, Douglas W. and Peter Kort Zegers",,,,,,,,,Chicago and New York,,,,"227-234, repro."
af9afacf-ba8b-4c01-a13a-c2bf7fa32af6,F440,Periodical,http://vocab.getty.edu/aat/300026657,1929,1929,Vincent van Gogh in Arles,,"Stokvis, Benno",,,,Kunst und Künstler,,,,,,,,,474.
af9afacf-ba8b-4c01-a13a-c2bf7fa32af6,F440,Academic Journal,http://vocab.getty.edu/aat/300215390,2014,2014,Van Gogh’s Repetitions: Washington and Cleveland,,"Kelly, Simon",,,,The Burlington Magazine,,,,"156, no. 1336",,,,,490.
af9afacf-ba8b-4c01-a13a-c2bf7fa32af6,F440,Academic Journal,http://vocab.getty.edu/aat/300215390,2019,2019,"Series, Multiples, Replicas",,"Barbour, Daphne, and Suzanne Quillen Lomax",,,,"Facture: conservation, science, art history",,,,4,,,,,"128-155, 129 unummbered fig. (detail), figs. 3, 7(c) (detail), 8 (c) (detail), 10 (c) (detail), 11 (c)."
5e6e1180-e3fb-43bb-86d3-87197a53f0aa,F431,Catalogue Raisonné,http://vocab.getty.edu/aat/300026061,1942,1942,French Paintings from the Chester Dale Collection,,National Gallery of Art,,,,,,,,,"Washington, DC",,,,"76, repro."
5e6e1180-e3fb-43bb-86d3-87197a53f0aa,F431,Collection Catalogue,http://vocab.getty.edu/aat/300417819,1944,1944,Masterpieces of Painting from the National Gallery of Art,,"Cairns, Huntington and John Walker, eds.",,,,,,,,,New York,,,,"178, color repro."
5e6e1180-e3fb-43bb-86d3-87197a53f0aa,F431,Catalogue Raisonné,http://vocab.getty.edu/aat/300026061,1944,1944,French Paintings from the Chester Dale Collection,,National Gallery of Art,,,,,,,,,"Washington, DC",,,,"76, repro."
5e6e1180-e3fb-43bb-86d3-87197a53f0aa,F431,Catalogue Raisonné,http://vocab.getty.edu/aat/300026061,1953,1953,French Paintings from the Chester Dale Collection,,National Gallery of Art,,,,,,,,,"Washington, DC",,,,"86, repro."
5e6e1180-e3fb-43bb-86d3-87197a53f0aa,F431,Collection Catalogue,http://vocab.getty.edu/aat/300417819,1957,1957,"Comparisons in Art: A Companion to the National Gallery of Art, Washington, DC",,"Shapley, Fern Rusk",,,,,,,,,London,,,,pl. 102.
5e6e1180-e3fb-43bb-86d3-87197a53f0aa,F431,Collection Catalogue,http://vocab.getty.edu/aat/300417819,1959,1959,French Painting of the 19th Century in the National Gallery of Art,,"Evans, Grose",,,,,,"Ten Schools of Painting in the National Gallery of Art, Washington, D.C.",,booklet number 2,"Washington, D.C.",,,,"36, color repro."
5e6e1180-e3fb-43bb-86d3-87197a53f0aa,F431,Collection Catalogue,http://vocab.getty.edu/aat/300417819,1960,1960,The National Gallery of Art and Its Collections--Reproductions of forty paintings,,"National Gallery of Art; Cott, Perry B.",,,,,,,,,"Washington, DC",,,,"19, color repro. 17."
5e6e1180-e3fb-43bb-86d3-87197a53f0aa,F431,Collection Catalogue,http://vocab.getty.edu/aat/300417819,1963,1963,"National Gallery of Art, Washington, DC",,"Walker, John",,,,,,,,,New York,,,,"274, repro."
5e6e1180-e3fb-43bb-86d3-87197a53f0aa,F431,Collection Catalogue,http://vocab.getty.edu/aat/300417819,1965,1965,Summary Catalogue of European Paintings and Sculpture,,National Gallery of Art,,,,,,,,,Washington,,,,59.
5e6e1180-e3fb-43bb-86d3-87197a53f0aa,F431,Collection Catalogue,http://vocab.getty.edu/aat/300417819,1966,1966,A Pageant of Painting from the National Gallery of Art,,"Cairns, Huntington, and John Walker, ed.",,,,,,,,,New York,,,,"2:466, color repro."
5e6e1180-e3fb-43bb-86d3-87197a53f0aa,F431,Collection Catalogue,http://vocab.getty.edu/aat/300417819,1968,1968,European Paintings and Sculpture: Illustrations (Companion to the Summary Catalogue),,National Gallery of Art,,,,,,,,,Washington,,,,"52, repro."
5e6e1180-e3fb-43bb-86d3-87197a53f0aa,F431,Collection Catalogue,http://vocab.getty.edu/aat/300417819,1975,1975,European Paintings: An Illustrated Summary Catalogue,,National Gallery of Art,,,,,,,,,Washington,,,,"156, repro."
5e6e1180-e3fb-43bb-86d3-87197a53f0aa,F431,Collection Catalogue,http://vocab.getty.edu/aat/300417819,1979,1979,"The National Gallery of Art, Washington",,"Watson, Ross",,,,,,,,,New York,,,,"120, pl. 106."
5e6e1180-e3fb-43bb-86d3-87197a53f0aa,F431,Essay,http://vocab.getty.edu/aat/300026291,1984,1984,"National Gallery of Art, Washington",,"Walker, John",,,,,,,,,New York,,,,"516, no. 777, color repro."
5e6e1180-e3fb-43bb-86d3-87197a53f0aa,F431,Collection Catalogue,http://vocab.getty.edu/aat/300417819,1992,1992,"National Gallery of Art, Washington",,National Gallery of Art,,,,,,,,,New York,,,,"198, repro."
5e6e1180-e3fb-43bb-86d3-87197a53f0aa,F431,Monograph,http://vocab.getty.edu/aat/300060417,1961,1961,Gauguin,,"d'Angelis, Gaston",,,,,,,,,Paris,,,,"46, repro."
5e6e1180-e3fb-43bb-86d3-87197a53f0aa,F431,Monograph,http://vocab.getty.edu/aat/300060417,1937,1937,"Vincent van Gogh's Great Period: Arles, St. Rémy and Auvers sur Oise (Complete Catalogue)",,"Scherjon, W., and Jos. de Gruyter",,,,,,,,,Amsterdam,,,,"84, no. 55, repro."
5e6e1180-e3fb-43bb-86d3-87197a53f0aa,F431,Periodical,http://vocab.getty.edu/aat/300026657,1938,1938,Ambassador to Art,,"Pemberton, Murdock",,,,Esquire,,,,,,,,,repro.
5e6e1180-e3fb-43bb-86d3-87197a53f0aa,F431,Monograph,http://vocab.getty.edu/aat/300060417,1939,1939,Vincent Van Gogh,,"Faille, J.-B. de la.",,,,,,,,,New York and Paris,,,,"330, no. 431, repro."
5e6e1180-e3fb-43bb-86d3-87197a53f0aa,F431,Collection Catalogue,http://vocab.getty.edu/aat/300417819,1965,1965,Eighteenth and Nineteenth Century Paintings & Sculpture of the French School in the Chester Dale Collection,,,,,,,,,,,"National Gallery of Art, Washington",,,,"125, repro."
5e6e1180-e3fb-43bb-86d3-87197a53f0aa,F431,Catalogue Raisonné,http://vocab.getty.edu/aat/300026061,1970,1970,The Works of Vincent van Gogh: Paintings and Drawings,,"Faille, J.-B. de la",,,,,,,,,Amsterdam,,,,"no. F431, repro."
5e6e1180-e3fb-43bb-86d3-87197a53f0aa,F431,Periodical,http://vocab.getty.edu/aat/300026657,1973,1973,The new de la Faille,,"Pickvance, Ronald",,,,The Burlington Magazine,,,,115,,,,,179.
5e6e1180-e3fb-43bb-86d3-87197a53f0aa,F431,Catalogue Raisonné,http://vocab.getty.edu/aat/300026061,1980,1980,"The Complete Van Gogh: Paintings, drawings, sketches",,"Hulsker, Jan",,,,,,,,,New York,,,,"344, no. 1519, repro."
5e6e1180-e3fb-43bb-86d3-87197a53f0aa,F431,Collection Catalogue,http://vocab.getty.edu/aat/300417819,1985,1985,European Paintings: An Illustrated Catalogue,,National Gallery of Art,,,,,,,,,Washington,,,,"180, repro."
5e6e1180-e3fb-43bb-86d3-87197a53f0aa,F431,Essay,http://vocab.getty.edu/aat/300026291,1988,1988,"Vincent van Gogh & Paul Cassirer, Berlin: The reception of Van Gogh in Germany from 1901 to 1914",,"Feilchenfeldt, Walter",,,,,,,,,Amsterdam,,,,94.
5e6e1180-e3fb-43bb-86d3-87197a53f0aa,F431,Monograph,http://vocab.getty.edu/aat/300060417,1989,1989,Vincent van Gogh: Christianity versus Nature,,"Kodera, Tsukasa",,,,,,,,,Philadelphia,,,,"64, repro."
5e6e1180-e3fb-43bb-86d3-87197a53f0aa,F431,Monograph,http://vocab.getty.edu/aat/300060417,1992,1992,True to Temperament: van Gogh and French Naturalist Literature,,"Sund, Judy",,,,,,,,,Cambridge,,,,"178, repro."
5e6e1180-e3fb-43bb-86d3-87197a53f0aa,F431,Monograph,http://vocab.getty.edu/aat/300060417,1993,1993,"Kunst, kennis en commercie: de kunsthandelaar J.H. de Bois (1878-1946)",,"Heijbroek, Jan Frederik and E.L. Wouthuysen",,,,,,,,,Amsterdam,,,,"195, repro."
5e6e1180-e3fb-43bb-86d3-87197a53f0aa,F431,Monograph,http://vocab.getty.edu/aat/300060417,1994,1994,Vincent van Gogh: Sämtliche Gemälde,,"Walther, Ingo F., and Rainer Metzger",,,,,,,,,Cologne,,,,"2:389, repro."
5e6e1180-e3fb-43bb-86d3-87197a53f0aa,F431,Monograph,http://vocab.getty.edu/aat/300060417,1999,1999,Van Gogh: Provence and Auvers,,"Welsh-Ovcharov, Bogomila.",,,,,,,,,New York,,,,"110, repro."
5e6e1180-e3fb-43bb-86d3-87197a53f0aa,F431,Exhibition Catalogue,http://vocab.getty.edu/aat/300026096,2000,2000,"The Arles Period: Symbolic Means, Decorative Ends",,"Dorn, Roland",,,,,,,,,The Detroit Institute of Arts,,,,repro. 143
5e6e1180-e3fb-43bb-86d3-87197a53f0aa,F431,Monograph,http://vocab.getty.edu/aat/300060417,2001,2001,Antimodernism and Artistic Experience,,"Jirat-Wasiutyriski, Vojtech; ed. Lynda Jessup",,,,,,,,,Toronto,,,,"185, repro."
5e6e1180-e3fb-43bb-86d3-87197a53f0aa,F431,Collection Catalogue,http://vocab.getty.edu/aat/300417819,1956,1956,"National Gallery of Art, Washington",,"Walker, John",,,,,,,,,New York,,,,"58, repro."
5e6e1180-e3fb-43bb-86d3-87197a53f0aa,F431,Periodical,http://vocab.getty.edu/aat/300026657,1933,1933,"The Exhibition of French Art at the ""Art Institute"" of Chicago",,"Rich, Daniel Catton",,,,Formes,,,,,,,,,383.
5e6e1180-e3fb-43bb-86d3-87197a53f0aa,F431,Periodical,http://vocab.getty.edu/aat/300026657,1933,1933,Chicago Show to Present French Modern Classics,,,,,,Art News,,,,"XXXI, no. 34",,,,,"cover repro., as _Portrait of Mlle Gachet_"
5e6e1180-e3fb-43bb-86d3-87197a53f0aa,F431,Monograph,http://vocab.getty.edu/aat/300060417,1939,1939,"Rebels of Art, Manet to Matisse",,"Slocombe, George",,,,,,,,,New York,,,,pl. 19.
5e6e1180-e3fb-43bb-86d3-87197a53f0aa,F431,Monograph,http://vocab.getty.edu/aat/300060417,1936,1936,Significant Moderns and Their Pictures,,"Bulliet, C. J.",,,,,,,,,New York,,,,repro. no. 54.
5e6e1180-e3fb-43bb-86d3-87197a53f0aa,F431,Catalogue Raisonné,http://vocab.getty.edu/aat/300026061,1928,1928,"L'Oeuvre de Vincent Van Gogh, catalogue raisonné",,"Faille, J.-B. de la.",,,,,,,,,Paris and Brussels,,,,1:no. 431; 2:repro.
5e6e1180-e3fb-43bb-86d3-87197a53f0aa,F431,Monograph,http://vocab.getty.edu/aat/300060417,1929,1929,Vincent van Gogh,,"Pfister, Kurt",,,,,,,,,Berlin,,,,pl.25.
5e6e1180-e3fb-43bb-86d3-87197a53f0aa,F431,Exhibition Catalogue,http://vocab.getty.edu/aat/300026096,1984,1984,Van Gogh in Arles,,"Pickvance, Ronald",,,,,,,,,New York: Metropolitan Museum of Art,,,,"156, fig. 41."
5e6e1180-e3fb-43bb-86d3-87197a53f0aa,F431,Academic Journal,http://vocab.getty.edu/aat/300215390,1984,1984,Japan as Primitivistic Utopia: van Gogh's Japonisme Portraits,,"Kodera, Tsukasa",,,,Simiolus,,,,,,,,,"189-208, fig. 6."
5e6e1180-e3fb-43bb-86d3-87197a53f0aa,F431,Monograph,http://vocab.getty.edu/aat/300060417,1997,1997,"Van Gogh's Progress: Utopia, Modernity, and Late-Nineteenth-Century Art",,"Zemel, Carol",,,,,,,,,"Berkeley, Los Angeles and London",,,,"115-117, repro."
5e6e1180-e3fb-43bb-86d3-87197a53f0aa,F431,Exhibition Catalogue,http://vocab.getty.edu/aat/300026096,2000,2000,Famine to Feast: Portrait Making at St.-Rémy and Auvers,,"Sund, Judy",,,,,,,,,Detroit Institute of Arts,,,,183-227.
5e6e1180-e3fb-43bb-86d3-87197a53f0aa,F431,Monograph,http://vocab.getty.edu/aat/300060417,2001,2001,"Seeking The Studio of the South: Vincent van Gogh, Gauguin, and Avant Guard Identity",,"Childs, Elizabeth",,,,,,,,,Saint Louis,,,,"120-134, repro."
5e6e1180-e3fb-43bb-86d3-87197a53f0aa,F431,Monograph,http://vocab.getty.edu/aat/300060417,2007,2007,Van Gogh Paintings: The Masterpieces,,"Thomson, Belinda",,,,,,,,,London,,,,"108, repro."
5e6e1180-e3fb-43bb-86d3-87197a53f0aa,F431,Monograph,http://vocab.getty.edu/aat/300060417,1912,1912,Vincent van Gogh,,"Meier-Graefe, Julius",,,,,,,,,Munich,,,,"49, repro."
5e6e1180-e3fb-43bb-86d3-87197a53f0aa,F431,Monograph,http://vocab.getty.edu/aat/300060417,1991,1991,America's National Gallery of Art: A Gift to the Nation,,"Kopper, Philip",,,,,,,,,New York,,,,239.
5e6e1180-e3fb-43bb-86d3-87197a53f0aa,F431,Collection Catalogue,http://vocab.getty.edu/aat/300417819,2004,2004,National Gallery of Art: Master Paintings from the Collection,,"Hand, John Oliver",,,,,,,,,Washington and New York,,,,"368-369, no. 303, color repro."
5e6e1180-e3fb-43bb-86d3-87197a53f0aa,F431,Monograph,http://vocab.getty.edu/aat/300060417,2002,2002,The account book of Theo van Gogh and Jo van Gogh-Bonger,,"Stolwijk, Chris, and Han Veenenbos",,,,,,,,,Amsterdam and Leiden,,,,"52 (17/12), 127 (92/10), 149, 172 no. F 431 JH 1519."
5e6e1180-e3fb-43bb-86d3-87197a53f0aa,F431,Exhibition Catalogue,http://vocab.getty.edu/aat/300026096,2001,2001,Van Gogh and Gauguin: The Studio of the South,,"Druick, Douglas W. and Peter Kort Zegers",,,,,,,,,Chicago and New York,,,,"126-128, repro."
5e6e1180-e3fb-43bb-86d3-87197a53f0aa,F431,Essay,http://vocab.getty.edu/aat/300026291,1976,1976,Dialogue in Art: Japan and the West,,"Dorival, Bernard, ed. Chisaburo F. Yamada
",,,,,,,,,Tokyo and New York,,,,repro. 45.
5e6e1180-e3fb-43bb-86d3-87197a53f0aa,F431,Monograph,http://vocab.getty.edu/aat/300060417,1935,1935,Meisterwerke Europäischer Malerei in Amerika,,"Tietze, Hans",,,,,,,,,Vienna,,,,"302, repro."
5e6e1180-e3fb-43bb-86d3-87197a53f0aa,F431,Monograph,http://vocab.getty.edu/aat/300060417,1944,1944,French Impressionists and their Contemporaries Represented in American Collections,,"Jewell, Edward Alden",,,,,,,,,New York,,,,"repro. 157.
"
5e6e1180-e3fb-43bb-86d3-87197a53f0aa,F431,Monograph,http://vocab.getty.edu/aat/300060417,1999,1999,The Bellagio Gallery of Fine Art: European and American Masters,,"Lumpkin, Libby, ed.",,,,,,,,,Las Vegas,,,,"104, repro."
5e6e1180-e3fb-43bb-86d3-87197a53f0aa,F431,Essay,http://vocab.getty.edu/aat/300026291,1936,1936,Vorkriegseuropa im Gleichnis meines Lebens,,"Sternheim, Carl",,,,,,,,,Amsterdam,,,,"137, 165."
5e6e1180-e3fb-43bb-86d3-87197a53f0aa,F431,Monograph,http://vocab.getty.edu/aat/300060417,1995,1995,Tagebücher 1905-1927. Die Jahre mit Carl Sternhaim,,"Sternheim, Thea",,,,,,,,,Mainz,,,,25.
5e6e1180-e3fb-43bb-86d3-87197a53f0aa,F431,Exhibition Catalogue,http://vocab.getty.edu/aat/300026096,2000,2000,Arlésienne : le mythe?,,Museon Arlaten,,,,,,,,,Arles,,,,"178, repro. 43."
5e6e1180-e3fb-43bb-86d3-87197a53f0aa,F431,Newspaper,http://vocab.getty.edu/aat/300026656,1929,1929,New York Times Photogravure,,,,,,The New York Times,,,,,New York,,,,repro.
5e6e1180-e3fb-43bb-86d3-87197a53f0aa,F431,Monograph,http://vocab.getty.edu/aat/300060417,1920,1920,Van Gogh Mappe,,"Hagan, Oscar",,,,,,,,,Munich,,,,"no. 14, as Junges Mädchen."
5e6e1180-e3fb-43bb-86d3-87197a53f0aa,F431,Monograph,http://vocab.getty.edu/aat/300060417,1935,1935,"Van Gogh, peintre",,"Terrasse, Charles",,,,,,,,,Paris,,,,"109, repro."
5e6e1180-e3fb-43bb-86d3-87197a53f0aa,F431,Monograph,http://vocab.getty.edu/aat/300060417,1933,1933,Vincent van Gogh: A Biographical Study,,"Meier-Graefe, Julius",,,,,,,,,New York,,,,pl. 58.
5e6e1180-e3fb-43bb-86d3-87197a53f0aa,F431,Monograph,http://vocab.getty.edu/aat/300060417,1935,1936,Recueil important des oeuvres de Vincent van Gogh,,,,,,,,,,,Tokyo,,,,2:pl. 11.
5e6e1180-e3fb-43bb-86d3-87197a53f0aa,F431,Periodical,http://vocab.getty.edu/aat/300026657,1929,1929,L'Art français en Norvège,,"Jamot, Paul",,,,La Renaissance,,,,,,,,,"94, repro."
5e6e1180-e3fb-43bb-86d3-87197a53f0aa,F431,Monograph,http://vocab.getty.edu/aat/300060417,1941,1941,"Briefe an Emile Bernard, Paul Gauguin, John Russell, Paul Signac und  Anderer",,Graber. Hans,,,,,,,,,Basel,,,,repro. opposite 52.
5e6e1180-e3fb-43bb-86d3-87197a53f0aa,F431,Monograph,http://vocab.getty.edu/aat/300060417,1922,1922,"Vincent van Gogh, a biographical study",,"Meier-Graefe, Julius",,,,,,,,,London,,,,2:repro. 94A.
5e6e1180-e3fb-43bb-86d3-87197a53f0aa,F431,Collection Catalogue,http://vocab.getty.edu/aat/300417819,1975,1975,"National Gallery of Art, Washington",,"Walker, John",,,,,,,,,New York,,,,"520, repro. 521."
5e6e1180-e3fb-43bb-86d3-87197a53f0aa,F431,Monograph,http://vocab.getty.edu/aat/300060417,1922,1922,Vincent van Gogh,,"Pfister, Kurt",,,,,,,,,Potsdam,,,,repro. 31.
5e6e1180-e3fb-43bb-86d3-87197a53f0aa,F431,Periodical,http://vocab.getty.edu/aat/300026657,1895,1895,Jean Carriès – Vincent van Gogh,,"Natanson, Thadée",,,,La Revue blanche,,,,,,,,,572-573.
5e6e1180-e3fb-43bb-86d3-87197a53f0aa,F431,Monograph,http://vocab.getty.edu/aat/300060417,1904,1904,Vincent van Gogh: 40 Photocollographies d’après ses tableaux et dessins,,,,,,,,,,,Amsterdam,,,,no. 32 as Portrait de fille (Collection Mme van Gogh-Bonger).
5e6e1180-e3fb-43bb-86d3-87197a53f0aa,F431,Monograph,http://vocab.getty.edu/aat/300060417,1950,1950,Vincent van Gogh,,"Schapiro, Meyer",,,,,,,,,New York,,,,"59, repro."
5e6e1180-e3fb-43bb-86d3-87197a53f0aa,F431,Exhibition Catalogue,http://vocab.getty.edu/aat/300026096,1990,1990,"Vincent van Gogh, Paintings",,"Uitert, Evert van, Louis van Tilborgh, and Sjraar van Heugten",,,,,,,,,Milan and Rome,,,,"20, fig. 6."
5e6e1180-e3fb-43bb-86d3-87197a53f0aa,F431,Exhibition Catalogue,http://vocab.getty.edu/aat/300026096,2005,2005,Vincent van Gogh: The Drawings,,"Ives, Colta, et al.",,,,,,,,,New Haven,,,,"232, fig. 157."
5e6e1180-e3fb-43bb-86d3-87197a53f0aa,F431,Monograph,http://vocab.getty.edu/aat/300060417,2009,2009,Van Gogh: A Literary Mind. Literature in the Correspondence of Vincent van Gogh,,"Veen, Wouter van der",,,,,,,,,Zwolle and Amsterdam,,,,"204, repro. 205."
5e6e1180-e3fb-43bb-86d3-87197a53f0aa,F431,Monograph,http://vocab.getty.edu/aat/300060417,1994,1994,Les 70 jours de van Gogh à Auvers,,"Gachet, Paul",,,,,,,,,Saint-Ouen-l'Aumône,,,,"159, 318 (where dated around 25 June 1890), color repro XXVII."
5e6e1180-e3fb-43bb-86d3-87197a53f0aa,F431,Monograph,http://vocab.getty.edu/aat/300060417,1929,1929,"Briefe an Emile Bernard, Paul Gauguin, Paul Signac und Andere",,,,,,,,,,,Basel,,,,"44-45, repro. 48."
5e6e1180-e3fb-43bb-86d3-87197a53f0aa,F431,Monograph,http://vocab.getty.edu/aat/300060417,1951,1951,Vincent van Gogh,,"Schapiro, Meyer",,,,,,,,,London,,,,"59, repro."
5e6e1180-e3fb-43bb-86d3-87197a53f0aa,F431,Monograph,http://vocab.getty.edu/aat/300060417,1968,1968,"National Gallery of Art, Washington",,"Gandolfo, Giampaolo et al.",,,,,,Great Museums of the World,,,,,,,"141-142, color repro."
1ed65ab6-f692-4020-8c65-501ea3a0b315,F656,Catalogue Raisonné,http://vocab.getty.edu/aat/300026061,1942,1942,French Paintings from the Chester Dale Collection,,National Gallery of Art,,,,,,,,,"Washington, DC",,,,"78, repro."
1ed65ab6-f692-4020-8c65-501ea3a0b315,F656,Catalogue Raisonné,http://vocab.getty.edu/aat/300026061,1944,1944,French Paintings from the Chester Dale Collection,,National Gallery of Art,,,,,,,,,"Washington, DC",,,,"78, repro."
1ed65ab6-f692-4020-8c65-501ea3a0b315,F656,Collection Catalogue,http://vocab.getty.edu/aat/300417819,1952,1952,Great Paintings from the National Gallery of Art,,"Cairns, Huntington and John Walker, eds.",,,,,,,,,New York,,,,"170, color repro."
1ed65ab6-f692-4020-8c65-501ea3a0b315,F656,Catalogue Raisonné,http://vocab.getty.edu/aat/300026061,1953,1953,French Paintings from the Chester Dale Collection,,National Gallery of Art,,,,,,,,,"Washington, DC",,,,"85, repro."
1ed65ab6-f692-4020-8c65-501ea3a0b315,F656,Collection Catalogue,http://vocab.getty.edu/aat/300417819,1957,1957,"Comparisons in Art: A Companion to the National Gallery of Art, Washington, DC",,"Shapley, Fern Rusk",,,,,,,,,London,,,,pl. 156.
1ed65ab6-f692-4020-8c65-501ea3a0b315,F656,Collection Catalogue,http://vocab.getty.edu/aat/300417819,1963,1963,"National Gallery of Art, Washington, DC",,"Walker, John",,,,,,,,,New York,,,,"327, repro."
1ed65ab6-f692-4020-8c65-501ea3a0b315,F656,Collection Catalogue,http://vocab.getty.edu/aat/300417819,1965,1965,Summary Catalogue of European Paintings and Sculpture,,National Gallery of Art,,,,,,,,,Washington,,,,59.
1ed65ab6-f692-4020-8c65-501ea3a0b315,F656,Collection Catalogue,http://vocab.getty.edu/aat/300417819,1966,1966,A Pageant of Painting from the National Gallery of Art,,"Cairns, Huntington, and John Walker, ed.",,,,,,,,,New York,,,,"2:468, color repro."
1ed65ab6-f692-4020-8c65-501ea3a0b315,F656,Collection Catalogue,http://vocab.getty.edu/aat/300417819,1968,1968,European Paintings and Sculpture: Illustrations (Companion to the Summary Catalogue),,National Gallery of Art,,,,,,,,,Washington,,,,"51, repro."
1ed65ab6-f692-4020-8c65-501ea3a0b315,F656,Collection Catalogue,http://vocab.getty.edu/aat/300417819,1975,1975,European Paintings: An Illustrated Summary Catalogue,,National Gallery of Art,,,,,,,,,Washington,,,,"156, repro."
1ed65ab6-f692-4020-8c65-501ea3a0b315,F656,Collection Catalogue,http://vocab.getty.edu/aat/300417819,1978,1978,"Adventures in Art: National Gallery of Art, Washington, D.C.",,"King, Marian",,,,,,,,,New York,,,,"92, pl. 56."
1ed65ab6-f692-4020-8c65-501ea3a0b315,F656,Essay,http://vocab.getty.edu/aat/300026291,1984,1984,"National Gallery of Art, Washington",,"Walker, John",,,,,,,,,New York,,,,"520, no. 780, color repro."
1ed65ab6-f692-4020-8c65-501ea3a0b315,F656,Monograph,http://vocab.getty.edu/aat/300060417,1937,1937,"Vincent van Gogh's Great Period: Arles, St. Rémy and Auvers sur Oise (Complete Catalogue)",,"Scherjon, W., and Jos. de Gruyter",,,,,,,,,Amsterdam,,,,"266-267, no. 71, repro."
1ed65ab6-f692-4020-8c65-501ea3a0b315,F656,Monograph,http://vocab.getty.edu/aat/300060417,1939,1939,Vincent Van Gogh,,"Faille, J.-B. de la.",,,,,,,,,New York and Paris,,,,"456, no. 656, repro."
1ed65ab6-f692-4020-8c65-501ea3a0b315,F656,Collection Catalogue,http://vocab.getty.edu/aat/300417819,1965,1965,Eighteenth and Nineteenth Century Paintings & Sculpture of the French School in the Chester Dale Collection,,,,,,,,,,,"National Gallery of Art, Washington",,,,"127, repro."
1ed65ab6-f692-4020-8c65-501ea3a0b315,F656,Catalogue Raisonné,http://vocab.getty.edu/aat/300026061,1970,1970,The Works of Vincent van Gogh: Paintings and Drawings,,"Faille, J.-B. de la",,,,,,,,,Amsterdam,,,,"no. F656, repro."
1ed65ab6-f692-4020-8c65-501ea3a0b315,F656,Catalogue Raisonné,http://vocab.getty.edu/aat/300026061,1980,1980,"The Complete Van Gogh: Paintings, drawings, sketches",,"Hulsker, Jan",,,,,,,,,New York,,,,"428, no. 1870, repro."
1ed65ab6-f692-4020-8c65-501ea3a0b315,F656,Collection Catalogue,http://vocab.getty.edu/aat/300417819,1985,1985,European Paintings: An Illustrated Catalogue,,National Gallery of Art,,,,,,,,,Washington,,,,"180, repro."
1ed65ab6-f692-4020-8c65-501ea3a0b315,F656,Essay,http://vocab.getty.edu/aat/300026291,1988,1988,"Vincent van Gogh & Paul Cassirer, Berlin: The reception of Van Gogh in Germany from 1901 to 1914",,"Feilchenfeldt, Walter",,,,,,,,,Amsterdam,,,,110-111.
1ed65ab6-f692-4020-8c65-501ea3a0b315,F656,Monograph,http://vocab.getty.edu/aat/300060417,1994,1994,Vincent van Gogh: Sämtliche Gemälde,,"Walther, Ingo F., and Rainer Metzger",,,,,,,,,Cologne,,,,2:593.
1ed65ab6-f692-4020-8c65-501ea3a0b315,F656,Exhibition Catalogue,http://vocab.getty.edu/aat/300026096,2006,2007,Van Gogh in Budapest,,,,,,,,,,,"Museum of Fine Arts, Budapest",,,,"117, repro."
1ed65ab6-f692-4020-8c65-501ea3a0b315,F656,Monograph,http://vocab.getty.edu/aat/300060417,1929,1929,Vincent van Gogh,,"Pfister, Kurt",,,,,,,,,Berlin,,,,pl. 48.
1ed65ab6-f692-4020-8c65-501ea3a0b315,F656,Catalogue Raisonné,http://vocab.getty.edu/aat/300026061,1928,1928,"L'Oeuvre de Vincent Van Gogh, catalogue raisonné",,"Faille, J.-B. de la.",,,,,,,,,Paris and Brussels,,,,1:no. 565; 2:repro.
1ed65ab6-f692-4020-8c65-501ea3a0b315,F656,Monograph,http://vocab.getty.edu/aat/300060417,1987,1987,The Seven Sketchbooks of Vincent van Gogh,,"Wolk, Johannes van der",,,,,,,,,New York,,,,"216, 219, 243, 308, repro."
1ed65ab6-f692-4020-8c65-501ea3a0b315,F656,Monograph,http://vocab.getty.edu/aat/300060417,2006,2006,Van Gogh en Rembrandt,,"Hecht, Peter",,,,,,Van Gogh in Focus,,,Amsterdam,,,,"46, repro."
1ed65ab6-f692-4020-8c65-501ea3a0b315,F656,Exhibition Catalogue,http://vocab.getty.edu/aat/300026096,2003,2003,Vincent's Choice: The Musée imaginaire of Van Gogh,,"Stolwijk, Christ, Sjraar van Heugten, Leo Janson and Andreas Blühm, eds.",,,,,,,,,Amsterdam,,,,"183, repro."
1ed65ab6-f692-4020-8c65-501ea3a0b315,F656,Monograph,http://vocab.getty.edu/aat/300060417,2002,2002,The account book of Theo van Gogh and Jo van Gogh-Bonger,,"Stolwijk, Chris, and Han Veenenbos",,,,,,,,,Amsterdam and Leiden,,,,"49 (14/4), 124 (89/21), 145, 183 no. F656 JH 1870."
1ed65ab6-f692-4020-8c65-501ea3a0b315,F656,Collection Catalogue,http://vocab.getty.edu/aat/300417819,1975,1975,"National Gallery of Art, Washington",,"Walker, John",,,,,,,,,New York,,,,repro. 524.
1ed65ab6-f692-4020-8c65-501ea3a0b315,F656,Periodical,http://vocab.getty.edu/aat/300026657,1930,1930,De Delacroix à nos Jours: une exposition-programme à la Galerie Georges Petit,,,,,,Cahiers d'Art,,,,,Paris,,,,repro. 257.
1ed65ab6-f692-4020-8c65-501ea3a0b315,F656,Monograph,http://vocab.getty.edu/aat/300060417,1922,1922,Vincent van Gogh,,"Pfister, Kurt",,,,,,,,,Potsdam,,,,repro. 21.
1ed65ab6-f692-4020-8c65-501ea3a0b315,F656,Monograph,http://vocab.getty.edu/aat/300060417,1928,1928,Vincent van Gogh,,"Fels, Florent",,,,,,,,,Paris,,,,repro. 143.
1ed65ab6-f692-4020-8c65-501ea3a0b315,F656,Monograph,http://vocab.getty.edu/aat/300060417,1921,1921,Vincent van Gogh,,"Glaser, Curt",,,,,,,,,Leipzig,,,,pl. 15.
1ed65ab6-f692-4020-8c65-501ea3a0b315,F656,Monograph,http://vocab.getty.edu/aat/300060417,1996,1996,Vincent van Gogh: Still Life with Peonies,,"Klusmann, Georg",,,,,,,,,Mainburg,,,,35.
1ed65ab6-f692-4020-8c65-501ea3a0b315,F656,Monograph,http://vocab.getty.edu/aat/300060417,1912,1912,Vincent van Gogh,,"Meier-Graefe, Julius",,,,,,,,,Munich,,,,64.
1ed65ab6-f692-4020-8c65-501ea3a0b315,F656,Monograph,http://vocab.getty.edu/aat/300060417,2015,2015,Van Gogh: The Asylum Year,,"Mullins, Edwin",,,,,,,,,London,,,,127.
1ed65ab6-f692-4020-8c65-501ea3a0b315,F656,Catalogue Raisonné,http://vocab.getty.edu/aat/300026061,2013,2013,"Vincent van Gogh: The Years in France, Complete Paintings 1886-1890",,"Feilchenfeldt, Walter",,,,,,,,,London,,,,"235, repro."
09ee5f64-e26e-4e0f-8de5-00f40e9c7c60,F523,Catalogue Raisonné,http://vocab.getty.edu/aat/300026061,1942,1942,French Paintings from the Chester Dale Collection,,National Gallery of Art,,,,,,,,,"Washington, DC",,,,"77, repro., as by van Gogh."
09ee5f64-e26e-4e0f-8de5-00f40e9c7c60,F523,Collection Catalogue,http://vocab.getty.edu/aat/300417819,1944,1944,Masterpieces of Painting from the National Gallery of Art,,"Cairns, Huntington and John Walker, eds.",,,,,,,,,New York,,,,"180, color repro., as by van Gogh."
09ee5f64-e26e-4e0f-8de5-00f40e9c7c60,F523,Catalogue Raisonné,http://vocab.getty.edu/aat/300026061,1944,1944,French Paintings from the Chester Dale Collection,,National Gallery of Art,,,,,,,,,"Washington, DC",,,,"77, repro., as _Self-Portrait_ by van Gogh."
09ee5f64-e26e-4e0f-8de5-00f40e9c7c60,F523,Catalogue Raisonné,http://vocab.getty.edu/aat/300026061,1953,1953,French Paintings from the Chester Dale Collection,,National Gallery of Art,,,,,,,,,"Washington, DC",,,,"87, repro., as by van Gogh."
09ee5f64-e26e-4e0f-8de5-00f40e9c7c60,F523,Collection Catalogue,http://vocab.getty.edu/aat/300417819,1965,1965,Summary Catalogue of European Paintings and Sculpture,,National Gallery of Art,,,,,,,,,Washington,,,,"60, as by van Gogh."
09ee5f64-e26e-4e0f-8de5-00f40e9c7c60,F523,Collection Catalogue,http://vocab.getty.edu/aat/300417819,1968,1968,European Paintings and Sculpture: Illustrations (Companion to the Summary Catalogue),,National Gallery of Art,,,,,,,,,Washington,,,,"51, repro., as by van Gogh."
09ee5f64-e26e-4e0f-8de5-00f40e9c7c60,F523,Collection Catalogue,http://vocab.getty.edu/aat/300417819,1975,1975,European Paintings: An Illustrated Summary Catalogue,,National Gallery of Art,,,,,,,,,Washington,,,,"156, repro., as by van Gogh."
09ee5f64-e26e-4e0f-8de5-00f40e9c7c60,F523,Catalogue Raisonné,http://vocab.getty.edu/aat/300026061,1928,1928,"L'Oeuvre de Vincent Van Gogh, catalogue raisonné",,"Faille, J.-B. de la.",,,,,,,,,Paris and Brussels,,,,1:no. 523; 2:repro.
09ee5f64-e26e-4e0f-8de5-00f40e9c7c60,F523,Monograph,http://vocab.getty.edu/aat/300060417,1928,1928,"Vincent van Gogh, der Zeichner",,"Meier-Graefe, Julius",,,,,,,,,Berlin,,,,frontispiece.
09ee5f64-e26e-4e0f-8de5-00f40e9c7c60,F523,Periodical,http://vocab.getty.edu/aat/300026657,1929,1929,Dale van Gogh traced by Letters,,,,,,Art News,,,,,,,,,1+.
09ee5f64-e26e-4e0f-8de5-00f40e9c7c60,F523,Monograph,http://vocab.getty.edu/aat/300060417,1929,1929,De Zelfportretten van Vinvent van Gogh Uit St. Remy,,"Scherjon, W.",,,,,,,,,Utrecht,,,,"12-13, repro."
09ee5f64-e26e-4e0f-8de5-00f40e9c7c60,F523,Monograph,http://vocab.getty.edu/aat/300060417,1932,1932,Falsche Expdertisen?- Falsche Experten!,,"Veth, Cornelis",,,,,,,,,Berlin,,,,"35, 37-39, frontispiece and appendix."
09ee5f64-e26e-4e0f-8de5-00f40e9c7c60,F523,Monograph,http://vocab.getty.edu/aat/300060417,1934,1934,Modern Art,,"Craven, Thomas",,,,,,,,,New York,,,,repro. opposite p. 91.
09ee5f64-e26e-4e0f-8de5-00f40e9c7c60,F523,Ph.D. Dissertation,http://vocab.getty.edu/aat/300312076,1954,1954,Die Selbstbildnisse Vincent van Gogh,,"Bromig-Kolleritz, Katharina",,,,,,,,,"Ludwig Maximilians-Universität, Munich",,,,
09ee5f64-e26e-4e0f-8de5-00f40e9c7c60,F523,Collection Catalogue,http://vocab.getty.edu/aat/300417819,1965,1965,Eighteenth and Nineteenth Century Paintings & Sculpture of the French School in the Chester Dale Collection,,,,,,,,,,,"National Gallery of Art, Washington",,,,"128, repro., as by van Gogh."
09ee5f64-e26e-4e0f-8de5-00f40e9c7c60,F523,Monograph,http://vocab.getty.edu/aat/300060417,1969,1969,Van Gogh and the Self-Portraits,,"Erpel, Fritz",,,,,,,,,"Greenwich, CT",,,,"64, no. 40."
09ee5f64-e26e-4e0f-8de5-00f40e9c7c60,F523,Collection Catalogue,http://vocab.getty.edu/aat/300417819,1985,1985,European Paintings: An Illustrated Catalogue,,National Gallery of Art,,,,,,,,,Washington,,,,"181, repro."
09ee5f64-e26e-4e0f-8de5-00f40e9c7c60,F523,Monograph,http://vocab.getty.edu/aat/300060417,1987,1987,Faking It: Art and the Politics of Forgery,,"Haywood, Ian",,,,,,,,,Brighton,,,,112-113.
09ee5f64-e26e-4e0f-8de5-00f40e9c7c60,F523,Academic Journal,http://vocab.getty.edu/aat/300215390,1989,1989,"Van Gogh fakes: the Wacker affair, with an illustrated catalogue of the forgeries",,"Feilchenfeldt, Walter",,,,Simiolus,,,,,,,,,"304, repro."
09ee5f64-e26e-4e0f-8de5-00f40e9c7c60,F523,Periodical,http://vocab.getty.edu/aat/300026657,2002,2002,The Wacker Forgeries: a catalogue,,"Koldehoff, Stefan",,,,The Van Gogh Museum Journal,,,,,,,,,"139+, repro."
09ee5f64-e26e-4e0f-8de5-00f40e9c7c60,F523,Periodical,http://vocab.getty.edu/aat/300026657,1973,1973,The new de la Faille,,"Pickvance, Ronald",,,,The Burlington Magazine,,,,115,,,,,117.
09ee5f64-e26e-4e0f-8de5-00f40e9c7c60,F523,Academic Journal,http://vocab.getty.edu/aat/300215390,1929,1929,Die van Gogh-Affäre,,"Glaser, Curt",,,,Kunst und Künstler,,,,,Berlin,,,,"131-136, repro."
09ee5f64-e26e-4e0f-8de5-00f40e9c7c60,F523,Academic Journal,http://vocab.getty.edu/aat/300215390,1928,1928,Letter from Berlin,,"Bie, Oscar",,,,Apollo,,,,7,London,,,,"85, repro."
09ee5f64-e26e-4e0f-8de5-00f40e9c7c60,F523,Monograph,http://vocab.getty.edu/aat/300060417,1937,1937,"Vincent van Gogh's Great Period: Arles, St. Rémy and Auvers sur Oise (Complete Catalogue)",,"Scherjon, W., and Jos. de Gruyter",,,,,,,,,Amsterdam,,,,"231, repro."
09ee5f64-e26e-4e0f-8de5-00f40e9c7c60,F523,Collection Catalogue,http://vocab.getty.edu/aat/300417819,1929,1929,Before Manet to Modigliani from the Chester Dale Collection,,"Dale, Maud",,,,,,,,,New York,,,,"no. 66, repro., as _Self-Portrait_ by Vincent van Gogh"
09ee5f64-e26e-4e0f-8de5-00f40e9c7c60,F523,Monograph,http://vocab.getty.edu/aat/300060417,1930,1930,Les Faux Van Gogh,,"Faille, J.-B. de la.",,,,,,,,,Paris and Brussels,,,,6.
09ee5f64-e26e-4e0f-8de5-00f40e9c7c60,F523,Catalogue Raisonné,http://vocab.getty.edu/aat/300026061,1970,1970,The Works of Vincent van Gogh: Paintings and Drawings,,"Faille, J.-B. de la",,,,,,,,,Amsterdam,,,,"592, no. 523 (rejected work)."
09ee5f64-e26e-4e0f-8de5-00f40e9c7c60,F523,Catalogue Raisonné,http://vocab.getty.edu/aat/300026061,1971,1971,L'opera pittorica completa di Van Gogh e i suoi nessi grafici,,"Lecaldano, Paolo",,,,,,,,,Milan,,,,1:no. 464A.
09ee5f64-e26e-4e0f-8de5-00f40e9c7c60,F523,Monograph,http://vocab.getty.edu/aat/300060417,1944,1944,French Impressionists and their Contemporaries Represented in American Collections,,"Jewell, Edward Alden",,,,,,,,,New York,,,,repro. 169.
09ee5f64-e26e-4e0f-8de5-00f40e9c7c60,F523,Monograph,http://vocab.getty.edu/aat/300060417,1963,1963,Die Selbstbildnisse Vincent van Goghs,,"Erpel, Fritz",,,,,,,,,Berlin,,,,"no. 42, repro."
09ee5f64-e26e-4e0f-8de5-00f40e9c7c60,F523,Monograph,http://vocab.getty.edu/aat/300060417,2015,2015,"Ich und Van Gogh: Bilder, Sammler und ihre abenteuerlichen Geschichten",,"Koldehoff, Stefan",,,,,,,,,Berlin,,,,"67-69, color repro. 67."
94f929f2-7e89-4f9e-aaea-c184691e5111,F442,Monograph,http://vocab.getty.edu/aat/300060417,1930,1930,Les Faux Van Gogh,,"Faille, J.-B. de la.",,,,,,,,,Paris and Brussels,,,,"28-29, no. 117, pl. XXXIII."
94f929f2-7e89-4f9e-aaea-c184691e5111,F442,Monograph,http://vocab.getty.edu/aat/300060417,1939,1939,Vincent Van Gogh,,"Faille, J.-B. de la.",,,,,,,,,New York and Paris,,,,"587, no. 442."
94f929f2-7e89-4f9e-aaea-c184691e5111,F442,Catalogue Raisonné,http://vocab.getty.edu/aat/300026061,1970,1970,The Works of Vincent van Gogh: Paintings and Drawings,,"Faille, J.-B. de la",,,,,,,,,Amsterdam,,,,"591, no. F442."
94f929f2-7e89-4f9e-aaea-c184691e5111,F442,Catalogue Raisonné,http://vocab.getty.edu/aat/300026061,1971,1971,L'opera pittorica completa di Van Gogh e i suoi nessi grafici,,"Lecaldano, Paolo",,,,,,,,,Milan,,,,no. 532A.
94f929f2-7e89-4f9e-aaea-c184691e5111,F442,Periodical,http://vocab.getty.edu/aat/300026657,2002,2002,The Wacker Forgeries: a catalogue,,"Koldehoff, Stefan",,,,The Van Gogh Museum Journal,,,,,,,,,"139+, repro."
94f929f2-7e89-4f9e-aaea-c184691e5111,F442,Catalogue Raisonné,http://vocab.getty.edu/aat/300026061,1928,1928,"L'Oeuvre de Vincent Van Gogh, catalogue raisonné",,"Faille, J.-B. de la.",,,,,,,,,Paris and Brussels,,,,1:no. 442; 2:repro.
a1ad50b0-6e00-4878-8a7c-ef1786b3a020,F565,Collection Catalogue,http://vocab.getty.edu/aat/300417819,1975,1975,European Paintings: An Illustrated Summary Catalogue,,National Gallery of Art,,,,,,,,,Washington,,,,"156, repro."
a1ad50b0-6e00-4878-8a7c-ef1786b3a020,F565,Essay,http://vocab.getty.edu/aat/300026291,1984,1984,"National Gallery of Art, Washington",,"Walker, John",,,,,,,,,New York,,,,"520, no. 781, color repro."
a1ad50b0-6e00-4878-8a7c-ef1786b3a020,F565,Catalogue Raisonné,http://vocab.getty.edu/aat/300026061,1991,1991,Joie de vivre: French Paintings from the National Gallery of Art,,"Coman, Florence E.",,,,,,,,,New York,,,,"no. 27, repro."
a1ad50b0-6e00-4878-8a7c-ef1786b3a020,F565,Collection Catalogue,http://vocab.getty.edu/aat/300417819,1919,1919,L'Art Moderne et quelques aspects de l'art d'autrefois,,,,,,,,,,,Paris,,,,"65, repro."
a1ad50b0-6e00-4878-8a7c-ef1786b3a020,F565,Monograph,http://vocab.getty.edu/aat/300060417,1939,1939,Vincent Van Gogh,,"Faille, J.-B. de la.",,,,,,,,,New York and Paris,,,,"381, no. 565, repro."
a1ad50b0-6e00-4878-8a7c-ef1786b3a020,F565,Periodical,http://vocab.getty.edu/aat/300026657,1952,1952,The Molyneux Collection Travels,,"Frankfurter, A.M.",,,,Art News,,,,"51, no. 2",,,,,34.
a1ad50b0-6e00-4878-8a7c-ef1786b3a020,F565,Catalogue Raisonné,http://vocab.getty.edu/aat/300026061,1970,1970,The Works of Vincent van Gogh: Paintings and Drawings,,"Faille, J.-B. de la",,,,,,,,,Amsterdam,,,,"no. F565, repro."
a1ad50b0-6e00-4878-8a7c-ef1786b3a020,F565,Exhibition Catalogue,http://vocab.getty.edu/aat/300026096,1978,1978,Small French Paintings from the Bequest of Ailsa Mellon Bruce,,,,,,,,,,,"National Gallery of Art, Washington, D.C.",,,,"76, repro. (continuing exhibition beginning in 1978)."
a1ad50b0-6e00-4878-8a7c-ef1786b3a020,F565,Catalogue Raisonné,http://vocab.getty.edu/aat/300026061,1980,1980,"The Complete Van Gogh: Paintings, drawings, sketches",,"Hulsker, Jan",,,,,,,,,New York,,,,"324-326, no. 1443, repro."
a1ad50b0-6e00-4878-8a7c-ef1786b3a020,F565,Collection Catalogue,http://vocab.getty.edu/aat/300417819,1985,1985,European Paintings: An Illustrated Catalogue,,National Gallery of Art,,,,,,,,,Washington,,,,"180, repro."
a1ad50b0-6e00-4878-8a7c-ef1786b3a020,F565,Monograph,http://vocab.getty.edu/aat/300060417,1994,1994,Vincent van Gogh: Sämtliche Gemälde,,"Walther, Ingo F., and Rainer Metzger",,,,,,,,,Cologne,,,,2: 368.
a1ad50b0-6e00-4878-8a7c-ef1786b3a020,F565,Catalogue Raisonné,http://vocab.getty.edu/aat/300026061,1928,1928,"L'Oeuvre de Vincent Van Gogh, catalogue raisonné",,"Faille, J.-B. de la.",,,,,,,,,Paris and Brussels,,,,1:no. 565; 2:repro.
a1ad50b0-6e00-4878-8a7c-ef1786b3a020,F565,Monograph,http://vocab.getty.edu/aat/300060417,1937,1937,"Vincent van Gogh's Great Period: Arles, St. Rémy and Auvers sur Oise (Complete Catalogue)",,"Scherjon, W., and Jos. de Gruyter",,,,,,,,,Amsterdam,,,,"187, no. 170, repro."
a1ad50b0-6e00-4878-8a7c-ef1786b3a020,F565,Monograph,http://vocab.getty.edu/aat/300060417,2011,2011,Vincent's Gardens: Paintings and Drawings by Van Gogh,,"Skea, Ralph",,,,,,,,,New York,,,,"71, no. 45, color repro."
a1ad50b0-6e00-4878-8a7c-ef1786b3a020,F565,Monograph,http://vocab.getty.edu/aat/300060417,2002,2002,The account book of Theo van Gogh and Jo van Gogh-Bonger,,"Stolwijk, Chris, and Han Veenenbos",,,,,,,,,Amsterdam and Leiden,,,,"46 (11/5), 140-141, 178 no. F565 JH 1443."
a1ad50b0-6e00-4878-8a7c-ef1786b3a020,F565,Collection Catalogue,http://vocab.getty.edu/aat/300417819,1975,1975,"National Gallery of Art, Washington",,"Walker, John",,,,,,,,,New York,,,,repro. 525.
a1ad50b0-6e00-4878-8a7c-ef1786b3a020,F565,Monograph,http://vocab.getty.edu/aat/300060417,1916,1916,"Van Gogh, Vincent",,"Duret, Théodore",,,,,,,,,Paris,,,,pl. 26.
a1ad50b0-6e00-4878-8a7c-ef1786b3a020,F565,Periodical,http://vocab.getty.edu/aat/300026657,1966,1966,"Van Gogh's 'Blue Cart' and His Creative Process,",,"Roskill, Mark",,,,Oud Holland,,,,"81, no. 1",,,,,5.
a1ad50b0-6e00-4878-8a7c-ef1786b3a020,F565,Periodical,http://vocab.getty.edu/aat/300026657,1971,1971,Van Gogh’s Exchanges of Work with Emile Bernard in 1888,,"Roskill, Mark",,,,Oud Holland,,,,"86, no. 2/3",,,,,170.
a1ad50b0-6e00-4878-8a7c-ef1786b3a020,F565,Academic Journal,http://vocab.getty.edu/aat/300215390,1997,1998,Refiler à Saintes-Maries’? Pickvance and Hulsker Revisited,,"Dorn, Roland",,,,Van Gogh Museum Journal,,,,,,,,,"20, repro. 21."
a1ad50b0-6e00-4878-8a7c-ef1786b3a020,F565,Academic Journal,http://vocab.getty.edu/aat/300215390,1999,1999,Facts Instead of Suppositions: Roland Dorn Revisited,,"Hulsker, Jan",,,,Van Gogh Museum Journal,,,,,,,,,24-28.
a1ad50b0-6e00-4878-8a7c-ef1786b3a020,F565,Exhibition Catalogue,http://vocab.getty.edu/aat/300026096,2005,2005,Vincent van Gogh: The Drawings,,"Ives, Colta, et al.",,,,,,,,,New Haven,,,,"200, repro."
a1ad50b0-6e00-4878-8a7c-ef1786b3a020,F565,Exhibition Catalogue,http://vocab.getty.edu/aat/300026096,1990,1990,Vincent van Gogh: Drawings,,"Wolk, Johannes van der, Ronald Pickvance, et al.",,,,,,,,,Milan and Rome,,,,234.
a1ad50b0-6e00-4878-8a7c-ef1786b3a020,F565,Exhibition Catalogue,http://vocab.getty.edu/aat/300026096,1966,1966,French Paintings from the Collections of Mr. and Mrs. Paul Mellon and  Mrs. Mellon Bruce,,,,,,,,,,,"National Gallery of Art, Washington",,,,repro. no. 131.
a1ad50b0-6e00-4878-8a7c-ef1786b3a020,F565,Exhibition Catalogue,http://vocab.getty.edu/aat/300026096,2013,2013,Van Gogh Repetitions,,"Rathbone, Eliza E., William H. Robinson, Elizabeth Steele, and Marcia Steele",,,,,,,,,New Haven and London,,,,"repro. (detail) 58, 59, repro. 60."
80815d48-b45c-4ec9-8179-1b0da4d5ff12,F186,Catalogue Raisonné,http://vocab.getty.edu/aat/300026061,1991,1991,Joie de vivre: French Paintings from the National Gallery of Art,,"Coman, Florence E.",,,,,,,,,New York,,,,"no. 26, repro."
80815d48-b45c-4ec9-8179-1b0da4d5ff12,F186,Monograph,http://vocab.getty.edu/aat/300060417,1972,1972,Van Goghiana,,"Tralbaut, Marc-Edo",,,,,,,,,Antwerp,,,,"7:61-64, repro."
80815d48-b45c-4ec9-8179-1b0da4d5ff12,F186,Catalogue Raisonné,http://vocab.getty.edu/aat/300026061,1970,1970,The Works of Vincent van Gogh: Paintings and Drawings,,"Faille, J.-B. de la",,,,,,,,,Amsterdam,,,,"no. F186, repro."
80815d48-b45c-4ec9-8179-1b0da4d5ff12,F186,Catalogue Raisonné,http://vocab.getty.edu/aat/300026061,1980,1980,"The Complete Van Gogh: Paintings, drawings, sketches",,"Hulsker, Jan",,,,,,,,,New York,,,,"82, no. 361, repro."
80815d48-b45c-4ec9-8179-1b0da4d5ff12,F186,Collection Catalogue,http://vocab.getty.edu/aat/300417819,1985,1985,European Paintings: An Illustrated Catalogue,,National Gallery of Art,,,,,,,,,Washington,,,,"180, repro."
80815d48-b45c-4ec9-8179-1b0da4d5ff12,F186,Exhibition Catalogue,http://vocab.getty.edu/aat/300026096,1998,1998,Bloemstillevens uit Nederland en België 1870-1940,,,,,,,,,,,Kunsthal Rotterdam,,,,"14-15, repro."
80815d48-b45c-4ec9-8179-1b0da4d5ff12,F186,Catalogue Raisonné,http://vocab.getty.edu/aat/300026061,1928,1928,"L'Oeuvre de Vincent Van Gogh, catalogue raisonné",,"Faille, J.-B. de la.",,,,,,,,,Paris and Brussels,,,,1:no. 186; 2:repro.
80815d48-b45c-4ec9-8179-1b0da4d5ff12,F186,Monograph,http://vocab.getty.edu/aat/300060417,1991,1991,America's National Gallery of Art: A Gift to the Nation,,"Kopper, Philip",,,,,,,,,New York,,,,"283, color repro."
80815d48-b45c-4ec9-8179-1b0da4d5ff12,F186,Monograph,http://vocab.getty.edu/aat/300060417,2011,2011,Vincent's Gardens: Paintings and Drawings by Van Gogh,,"Skea, Ralph",,,,,,,,,New York,,,,"31, 33 no. 16, color repro."
80815d48-b45c-4ec9-8179-1b0da4d5ff12,F186,Monograph,http://vocab.getty.edu/aat/300060417,1994,1994,Vincent van Gogh: Sämtliche Gemälde,,"Walther, Ingo F., and Rainer Metzger",,,,,,,,,Cologne,,,,1:25.
80815d48-b45c-4ec9-8179-1b0da4d5ff12,F186,Monograph,http://vocab.getty.edu/aat/300060417,1939,1939,Vincent Van Gogh,,"Faille, J.-B. de la.",,,,,,,,,New York and Paris,,,,"45, no. F 186, repro."
80815d48-b45c-4ec9-8179-1b0da4d5ff12,F186,Exhibition Catalogue,http://vocab.getty.edu/aat/300026096,2000,2000,Van Gogh Face to Face: The Portraits,,"Dorn, Roland et al.",,,,,,,,,Detroit Institute of Arts,,,,"52, fig. 34 (not in the exhibition)."
80815d48-b45c-4ec9-8179-1b0da4d5ff12,F186,Periodical,http://vocab.getty.edu/aat/300026657,1966,1966,The Glory that was France,,"Goldwater, Robert",,,,Art News,,,,65,New York,,,,42.
80815d48-b45c-4ec9-8179-1b0da4d5ff12,F186,Periodical,http://vocab.getty.edu/aat/300026657,1966,1966,Golden Loans for a Silver Anniversary,,"Kuh, Katherine",,,,Saturday Review,,,,,,,,,45.
80815d48-b45c-4ec9-8179-1b0da4d5ff12,F186,Monograph,http://vocab.getty.edu/aat/300060417,1999,1999,Van Gogh's Flowers,,"Mancoff, Debra N.",,,,,,,,,London,,,,"repro. 76-77, 78."
80815d48-b45c-4ec9-8179-1b0da4d5ff12,F186,Exhibition Catalogue,http://vocab.getty.edu/aat/300026096,1966,1966,French Paintings from the Collections of Mr. and Mrs. Paul Mellon and  Mrs. Mellon Bruce,,,,,,,,,,,"National Gallery of Art, Washington",,,,repro. no. 129.
fac7f655-8caf-4a7b-b94f-48bd446fc022,F681,Collection Catalogue,http://vocab.getty.edu/aat/300417819,1919,1919,L'Art Moderne et quelques aspects de l'art d'autrefois,,,,,,,,,,,Paris,,,,pl. 61.
fac7f655-8caf-4a7b-b94f-48bd446fc022,F681,Monograph,http://vocab.getty.edu/aat/300060417,1927,1927,L'Epoque française de van Gogh,,"Faille, J.-B. de la",,,,,,,,,Paris,,,,"57, repro."
fac7f655-8caf-4a7b-b94f-48bd446fc022,F681,Periodical,http://vocab.getty.edu/aat/300026657,1929,1929,Franzosen in Glasgow,,,,,,Cicerone,,,,21,,,,,"243, repro. 237."
fac7f655-8caf-4a7b-b94f-48bd446fc022,F681,Periodical,http://vocab.getty.edu/aat/300026657,1931,1931,A Modern Setting for Contemporary Pictures,,"Mannes, Marya",,,,International Studio,,,,,,,,,"24, repro."
fac7f655-8caf-4a7b-b94f-48bd446fc022,F681,Monograph,http://vocab.getty.edu/aat/300060417,1937,1937,"Vincent van Gogh's Great Period: Arles, St. Rémy and Auvers sur Oise (Complete Catalogue)",,"Scherjon, W., and Jos. de Gruyter",,,,,,,,,Amsterdam,,,,"301, no. 110, repro."
fac7f655-8caf-4a7b-b94f-48bd446fc022,F681,Monograph,http://vocab.getty.edu/aat/300060417,1939,1939,Vincent Van Gogh,,"Faille, J.-B. de la.",,,,,,,,,New York and Paris,,,,"484, no. 681, repro."
fac7f655-8caf-4a7b-b94f-48bd446fc022,F681,Catalogue Raisonné,http://vocab.getty.edu/aat/300026061,1970,1970,The Works of Vincent van Gogh: Paintings and Drawings,,"Faille, J.-B. de la",,,,,,,,,Amsterdam,,,,"no. F681, repro."
fac7f655-8caf-4a7b-b94f-48bd446fc022,F681,Catalogue Raisonné,http://vocab.getty.edu/aat/300026061,1980,1980,"The Complete Van Gogh: Paintings, drawings, sketches",,"Hulsker, Jan",,,,,,,,,New York,,,,"448-450, no. 1976, repro."
fac7f655-8caf-4a7b-b94f-48bd446fc022,F681,Essay,http://vocab.getty.edu/aat/300026291,1988,1988,"Vincent van Gogh & Paul Cassirer, Berlin: The reception of Van Gogh in Germany from 1901 to 1914",,"Feilchenfeldt, Walter",,,,,,,,,Amsterdam,,,,112.
fac7f655-8caf-4a7b-b94f-48bd446fc022,F681,Monograph,http://vocab.getty.edu/aat/300060417,1994,1994,Vincent van Gogh: Sämtliche Gemälde,,"Walther, Ingo F., and Rainer Metzger",,,,,,,,,Cologne,,,,2: 25.
fac7f655-8caf-4a7b-b94f-48bd446fc022,F681,Monograph,http://vocab.getty.edu/aat/300060417,1998,1998,Impressionist Flowers: Art of the Bouquet,,"Whelan, Richard",,,,,,,,,"Cobb, California",,,,
fac7f655-8caf-4a7b-b94f-48bd446fc022,F681,Periodical,http://vocab.getty.edu/aat/300026657,1999,1999,The Marie Harriman Gallery,,"Yeide, Nancy H.",,,,Archives of American Art Journal,,,,"39, nos. 1-2",,,,,"2-11, repro."
fac7f655-8caf-4a7b-b94f-48bd446fc022,F681,Exhibition Catalogue,http://vocab.getty.edu/aat/300026096,2001,2001,Impressionist Still Life,,"Rathbone, Eliza and George T.M. Shackelford",,,,,,,,,"The Phillips Collection, Washington",,,,"175, repro."
fac7f655-8caf-4a7b-b94f-48bd446fc022,F681,Periodical,http://vocab.getty.edu/aat/300026657,1933,1933,"The Exhibition of French Art at the ""Art Institute"" of Chicago",,"Rich, Daniel Catton",,,,Formes,,,,,,,,,383.
fac7f655-8caf-4a7b-b94f-48bd446fc022,F681,Collection Catalogue,http://vocab.getty.edu/aat/300417819,2004,2004,National Gallery of Art: Master Paintings from the Collection,,"Hand, John Oliver",,,,,,,,,Washington and New York,,,,"376, no. 309, color repro."
fac7f655-8caf-4a7b-b94f-48bd446fc022,F681,Monograph,http://vocab.getty.edu/aat/300060417,1999,1999,Van Gogh: Provence and Auvers,,"Welsh-Ovcharov, Bogomila.",,,,,,,,,New York,,,,repro. 224.
fac7f655-8caf-4a7b-b94f-48bd446fc022,F681,Monograph,http://vocab.getty.edu/aat/300060417,1991,1991,The Corporate Patron,,"Gingold, Diane J., and Elizabeth A.C. Weil",,,,,,,,,New York,,,,"106, 202-203, color repro."
fac7f655-8caf-4a7b-b94f-48bd446fc022,F681,Monograph,http://vocab.getty.edu/aat/300060417,2013,2013,"Capital Culture: J. Carter Brown, the National Gallery of Art, and the Reinvention of the Museum Experience",,"Harris, Neil",,,,,,,,,Chicago and London,,,,417.
fac7f655-8caf-4a7b-b94f-48bd446fc022,F681,Periodical,http://vocab.getty.edu/aat/300026657,1991,1991,"The National Gallery of Art, Washington: Fifty Years of Collecting for the Public Good",,"Simon, Robin",,,,Apollo,,,,133,,,,,"152, 154, repro."
fac7f655-8caf-4a7b-b94f-48bd446fc022,F681,Periodical,http://vocab.getty.edu/aat/300026657,1942,1942,Vincent van Gogh in Baltimore and Worcester,,"Van Loon, Hendrik Willem",,,,Art News,,,,,,,,,"17-18, repro."
fac7f655-8caf-4a7b-b94f-48bd446fc022,F681,Exhibition Catalogue,http://vocab.getty.edu/aat/300026096,1991,1991,Art for the Nation: Gifts in Honor of the 50th Anniversary of the National Gallery of Art,,National Gallery of Art,,,,,,,,,"Washington, DC",,,,"238-239, color repro."
fac7f655-8caf-4a7b-b94f-48bd446fc022,F681,Monograph,http://vocab.getty.edu/aat/300060417,1925,1925,Van Gogh,,"Colin, Paul",,,,,,,,,Paris,,,,pl. 22.
fac7f655-8caf-4a7b-b94f-48bd446fc022,F681,Monograph,http://vocab.getty.edu/aat/300060417,1926,1926,Van Gogh,,"Colin, Paul",,,,,,,,,Paris,,,,pl. 26.
fac7f655-8caf-4a7b-b94f-48bd446fc022,F681,Catalogue Raisonné,http://vocab.getty.edu/aat/300026061,1928,1928,"L'Oeuvre de Vincent Van Gogh, catalogue raisonné",,"Faille, J.-B. de la.",,,,,,,,,Paris and Brussels,,,,1:no. 681; 2:repro. as Nature morte: roses.
fac7f655-8caf-4a7b-b94f-48bd446fc022,F681,Monograph,http://vocab.getty.edu/aat/300060417,1916,1916,"Van Gogh, Vincent",,"Duret, Théodore",,,,,,,,,Paris,,,,pl. VII.
fac7f655-8caf-4a7b-b94f-48bd446fc022,F681,Monograph,http://vocab.getty.edu/aat/300060417,2015,2015,"Ich und Van Gogh: Bilder, Sammler und ihre abenteuerlichen Geschichten",,"Koldehoff, Stefan",,,,,,,,,Berlin,,,,"158-161, repro. 158, color repro. 159."
fac7f655-8caf-4a7b-b94f-48bd446fc022,F681,Catalogue Raisonné,http://vocab.getty.edu/aat/300026061,2013,2013,"Vincent van Gogh: The Years in France, Complete Paintings 1886-1890",,"Feilchenfeldt, Walter",,,,,,,,,London,,,,"187, 294."
fac7f655-8caf-4a7b-b94f-48bd446fc022,F681,Monograph,http://vocab.getty.edu/aat/300060417,1919,1919,"Van Gogh, Vincent",,"Duret, Théodore",,,,,,,,,Paris,,,,pl. VII.
fac7f655-8caf-4a7b-b94f-48bd446fc022,F681,Exhibition Catalogue,http://vocab.getty.edu/aat/300026096,1987,1987,Van Gogh in Saint-Rémy and Auvers,,"Pickvance, Ronald",,,,,,,,,New York,,,,"no. 53, 186-187, repro., not in exhibition."
fac7f655-8caf-4a7b-b94f-48bd446fc022,F681,Periodical,http://vocab.getty.edu/aat/300026657,1929,1929,"Art of the Day, Six pictures which are Prominently in the Public Eye",,,,,,The Sphere,,,,,London,,,,"105, repro."
e280cdc5-635a-4ad5-a80b-839de76596d5,F626,Monograph,http://vocab.getty.edu/aat/300060417,1929,1929,De Zelfportretten van Vinvent van Gogh Uit St. Remy,,"Scherjon, W.",,,,,,,,,Utrecht,,,,"10, repro."
e280cdc5-635a-4ad5-a80b-839de76596d5,F626,Monograph,http://vocab.getty.edu/aat/300060417,1925,1935,Vincent van Gogh,,"Douwes, W.F.",,,,,,,,,Amsterdam,,,,"54, repro. frontispiece."
e280cdc5-635a-4ad5-a80b-839de76596d5,F626,Monograph,http://vocab.getty.edu/aat/300060417,1932,1932,Catalogue des Tableaux par Vincent can Gogh décrits dans des lettres,,"Scherjon, W.",,,,,,,,,Utrecht,,,,"40, repro."
e280cdc5-635a-4ad5-a80b-839de76596d5,F626,Monograph,http://vocab.getty.edu/aat/300060417,1937,1937,"Vincent van Gogh's Great Period: Arles, St. Rémy and Auvers sur Oise (Complete Catalogue)",,"Scherjon, W., and Jos. de Gruyter",,,,,,,,,Amsterdam,,,,"230, no. 28, repro."
e280cdc5-635a-4ad5-a80b-839de76596d5,F626,Monograph,http://vocab.getty.edu/aat/300060417,1939,1939,Vincent Van Gogh,,"Faille, J.-B. de la.",,,,,,,,,New York and Paris,,,,"431, no. 626, repro."
e280cdc5-635a-4ad5-a80b-839de76596d5,F626,Monograph,http://vocab.getty.edu/aat/300060417,1945,1945,Vincent van Gogh,,"Goldscheider, Ludwig, and Wilhelm Uhde",,,,,,,,,"Oxford, London and New York",,,,"no. 72, repro."
e280cdc5-635a-4ad5-a80b-839de76596d5,F626,Periodical,http://vocab.getty.edu/aat/300026657,1946,1946,Brief uit Zwitzerland,,"Schmalenbach, Fritz",,,,Phoenix,,,,"1, no. 4",,,,,"24, repro."
e280cdc5-635a-4ad5-a80b-839de76596d5,F626,Periodical,http://vocab.getty.edu/aat/300026657,1951,1951,"Rockefeller, Whitney, Senior, Odets, Colin",,"McBride, Henry",,,,Art News,,,,50,,,,,"36, repro."
e280cdc5-635a-4ad5-a80b-839de76596d5,F626,Periodical,http://vocab.getty.edu/aat/300026657,1956,1956,French Paintings in the collection of Mr. and Mrs. John Hay Whitney,,"Rewald, John",,,,The Connoisseur,,,,"134, no. 552",,,,,"136, repro."
e280cdc5-635a-4ad5-a80b-839de76596d5,F626,Catalogue Raisonné,http://vocab.getty.edu/aat/300026061,1970,1970,The Works of Vincent van Gogh: Paintings and Drawings,,"Faille, J.-B. de la",,,,,,,,,Amsterdam,,,,"no. F626, repro."
e280cdc5-635a-4ad5-a80b-839de76596d5,F626,Monograph,http://vocab.getty.edu/aat/300060417,1978,1978,The Complete Letters of Vincent van Gogh,,"Van Gogh, Vincent",,,,,,,,,London,,,,"3:201-202, 458."
e280cdc5-635a-4ad5-a80b-839de76596d5,F626,Catalogue Raisonné,http://vocab.getty.edu/aat/300026061,1980,1980,"The Complete Van Gogh: Paintings, drawings, sketches",,"Hulsker, Jan",,,,,,,,,New York,,,,"404-406, no. 1770, repro."
e280cdc5-635a-4ad5-a80b-839de76596d5,F626,Monograph,http://vocab.getty.edu/aat/300060417,1994,1994,Vincent van Gogh: Sämtliche Gemälde,,"Walther, Ingo F., and Rainer Metzger",,,,,,,,,Cologne,,,,2:534.
e280cdc5-635a-4ad5-a80b-839de76596d5,F626,Monograph,http://vocab.getty.edu/aat/300060417,1995,1995,Tagebücher 1905-1927. Die Jahre mit Carl Sternhaim,,"Sternheim, Thea",,,,,,,,,Mainz,,,,45-46.
e280cdc5-635a-4ad5-a80b-839de76596d5,F626,Monograph,http://vocab.getty.edu/aat/300060417,2000,2000,Vincent van Gogh: The Painter and the Portrait,,"Shackelford, George T.M.",,,,,,,,,New York,,,,"54, repro."
e280cdc5-635a-4ad5-a80b-839de76596d5,F626,Catalogue Raisonné,http://vocab.getty.edu/aat/300026061,1928,1928,"L'Oeuvre de Vincent Van Gogh, catalogue raisonné",,"Faille, J.-B. de la.",,,,,,,,,Paris and Brussels,,,,1:no. 626; 2:repro.
e280cdc5-635a-4ad5-a80b-839de76596d5,F626,Monograph,http://vocab.getty.edu/aat/300060417,1997,1997,"Van Gogh's Progress: Utopia, Modernity, and Late-Nineteenth-Century Art",,"Zemel, Carol",,,,,,,,,"Berkeley, Los Angeles and London",,,,"165-167, repro."
e280cdc5-635a-4ad5-a80b-839de76596d5,F626,Monograph,http://vocab.getty.edu/aat/300060417,2006,2006,By Appointment Only,,"Feilchenfeldt, Walter",,,,,,,,,London and New York,,,,"115, repro."
e280cdc5-635a-4ad5-a80b-839de76596d5,F626,Monograph,http://vocab.getty.edu/aat/300060417,1922,1922,Moderne Kunst in den Privatsammlungen Europas. Holland,,"Huebner, F. M.",,,,,,,,,Leipzig,,,,51-52.
e280cdc5-635a-4ad5-a80b-839de76596d5,F626,Collection Catalogue,http://vocab.getty.edu/aat/300417819,2004,2004,National Gallery of Art: Master Paintings from the Collection,,"Hand, John Oliver",,,,,,,,,Washington and New York,,,,"370-371, no. 304, color repro."
e280cdc5-635a-4ad5-a80b-839de76596d5,F626,Monograph,http://vocab.getty.edu/aat/300060417,2006,2006,De Kunstpaus: H.P. Bremmer 1871-1956,,"Balk, Hildelies",,,,,,,,,Bossum,,,,389.
e280cdc5-635a-4ad5-a80b-839de76596d5,F626,Monograph,http://vocab.getty.edu/aat/300060417,1960,1960,Vincent van Gogh Selbstbildnisse,,"Hammacher, Abraham Marie",,,,,,,,,Stuttgart,,,,"18-19, repro."
e280cdc5-635a-4ad5-a80b-839de76596d5,F626,Periodical,http://vocab.getty.edu/aat/300026657,,,"Moderne Kunstwerken. Schilderijen, teekeningen en beeldhouwwerken",,"Bremmer, H.P., ed.",,,,,,,,,,,,,pl. 45 “Eigendom van den heer H. Tutein Nolthenius te Delft.”
e280cdc5-635a-4ad5-a80b-839de76596d5,F626,Monograph,http://vocab.getty.edu/aat/300060417,1963,1963,Die Selbstbildnisse Vincent van Goghs,,"Erpel, Fritz",,,,,,,,,Berlin,,,,"no. 41, repro."
e280cdc5-635a-4ad5-a80b-839de76596d5,F626,Exhibition Catalogue,http://vocab.getty.edu/aat/300026096,2014,2014,Van Gogh/Artaud: le suicidé de la société,,,,,,,,,,,Paris,,,,"86, repro. 87."
e280cdc5-635a-4ad5-a80b-839de76596d5,F626,Academic Journal,http://vocab.getty.edu/aat/300215390,2014,2014,Verso la deflagrazione: Van Gogh e Artaud a Parigi,,"Brega, Matteo G.",,,,Art e dossier,,,,29,,,,,50.
e280cdc5-635a-4ad5-a80b-839de76596d5,F626,Monograph,http://vocab.getty.edu/aat/300060417,2014,2014,Van Gogh: l’infinito specchio. Il problema dell’autoritratto e della firma in Vincent,,"Guzzoni, Mariella",,,,,,,,,Milan,,,,"repro. 140, 142, pl. 38."
e280cdc5-635a-4ad5-a80b-839de76596d5,F626,Monograph,http://vocab.getty.edu/aat/300060417,2015,2015,Van Gogh: The Asylum Year,,"Mullins, Edwin",,,,,,,,,London,,,,repro. 78.
e280cdc5-635a-4ad5-a80b-839de76596d5,F626,Ph.D. Dissertation,http://vocab.getty.edu/aat/300312076,1954,1954,Die Selbstbildnisse Vincent van Goghs,,"Bromig-Kolleritz, Katharina",,,,,,,,,Munich,,,,"21-22, 113."
e280cdc5-635a-4ad5-a80b-839de76596d5,F626,Monograph,http://vocab.getty.edu/aat/300060417,1950,1950,Vincent van Gogh,,"Schapiro, Meyer",,,,,,,,,New York,,,,"102, repro."
e280cdc5-635a-4ad5-a80b-839de76596d5,F626,Monograph,http://vocab.getty.edu/aat/300060417,1951,1951,Vincent van Gogh,,"Schapiro, Meyer",,,,,,,,,London,,,,"102, repro."
d4f6fe8c-593c-4b18-9f13-d546d8ba588c,F807,Monograph,http://vocab.getty.edu/aat/300060417,1994,1994,Les 70 jours de van Gogh à Auvers,,"Gachet, Paul",,,,,,,,,Saint-Ouen-l'Aumône,,,,"138, repro."
d4f6fe8c-593c-4b18-9f13-d546d8ba588c,F807,Catalogue Raisonné,http://vocab.getty.edu/aat/300026061,1980,1980,"The Complete Van Gogh: Paintings, drawings, sketches",,"Hulsker, Jan",,,,,,,,,New York,,,,"no. 1980, repro."
d4f6fe8c-593c-4b18-9f13-d546d8ba588c,F807,Catalogue Raisonné,http://vocab.getty.edu/aat/300026061,1971,1971,L'opera pittorica completa di Van Gogh e i suoi nessi grafici,,"Lecaldano, Paolo",,,,,,,,,Milan,,,,"1:no. 859, repro."
d4f6fe8c-593c-4b18-9f13-d546d8ba588c,F807,Periodical,http://vocab.getty.edu/aat/300026657,1912,1913,Der Künstler und seine Welt: Curt Hermann - Derlin als Maler und Sammler,,,,,,Deutsche Kunst und Dekoration,,,,,,,,,"131-138, repro."
d4f6fe8c-593c-4b18-9f13-d546d8ba588c,F807,Monograph,http://vocab.getty.edu/aat/300060417,1939,1939,Vincent Van Gogh,,"Faille, J.-B. de la.",,,,,,,,,New York and Paris,,,,"no. F. 807, repro."
d4f6fe8c-593c-4b18-9f13-d546d8ba588c,F807,Exhibition Catalogue,http://vocab.getty.edu/aat/300026096,2006,2006,Van Gogh and Britain: Pioneer Collectors,,"Bailey, Martin",,,,,,,,,,,,,122-123.
d4f6fe8c-593c-4b18-9f13-d546d8ba588c,F807,Essay,http://vocab.getty.edu/aat/300026291,1988,1988,"Vincent van Gogh & Paul Cassirer, Berlin: The reception of Van Gogh in Germany from 1901 to 1914",,"Feilchenfeldt, Walter",,,,,,,,,Amsterdam,,,,"122, repro."
d4f6fe8c-593c-4b18-9f13-d546d8ba588c,F807,Monograph,http://vocab.getty.edu/aat/300060417,1929,1929,Vincent van Gogh,,"Pfister, Kurt",,,,,,,,,Berlin,,,,pl. 41.
d4f6fe8c-593c-4b18-9f13-d546d8ba588c,F807,Periodical,http://vocab.getty.edu/aat/300026657,2002,2002,Collecting Paintings by Van Gogh in Britain before the Second World War,,"Korn, Madeleine",,,,Van Gogh Museum Journal,,,,,Amsterdam,,,,137.
d4f6fe8c-593c-4b18-9f13-d546d8ba588c,F807,Exhibition Catalogue,http://vocab.getty.edu/aat/300026096,1989,1989,Curt Hermann 1854-1929 Ein Maler der Moderne in Berlin,,Berlin Museum,,,,,,,,,Berlin,,,,"92, repro. 33."
d4f6fe8c-593c-4b18-9f13-d546d8ba588c,F807,Essay,http://vocab.getty.edu/aat/300026291,1911,1911,Der Kampf um den Stil,,"Hermann, Curt",,,,,,,,,Berlin,,,,115.
d4f6fe8c-593c-4b18-9f13-d546d8ba588c,F807,Newspaper,http://vocab.getty.edu/aat/300026656,2013,2013,"National Gallery Welcomes Gift of van Gogh's ""Final Gasp""",,"Boyle, Katherine",,,,The Washington Post,,,,"137, no. 15",,,,,"C8, color repro."
d4f6fe8c-593c-4b18-9f13-d546d8ba588c,F807,Newspaper,http://vocab.getty.edu/aat/300026656,2013,2013,Inside Art: A Van Gogh Out of the Living Room,,"Vogel, Carol",,,,The New York Times,,,,"163, no. 56,356",,,,,"C25, color repro."
d4f6fe8c-593c-4b18-9f13-d546d8ba588c,F807,Exhibition Catalogue,http://vocab.getty.edu/aat/300026096,1966,1966,French Paintings from the Collections of Mr. and Mrs. Paul Mellon and  Mrs. Mellon Bruce,,,,,,,,,,,"National Gallery of Art, Washington",,,,repro. no. 135.
d4f6fe8c-593c-4b18-9f13-d546d8ba588c,F807,Periodical,http://vocab.getty.edu/aat/300026657,2014,2014,National Gallery of Art Bulletin,,Varous,,,,National Gallery of Art Bulletin,,,,50,,,,,"20-21, repro."
d4f6fe8c-593c-4b18-9f13-d546d8ba588c,F807,Exhibition Catalogue,http://vocab.getty.edu/aat/300026096,2002,2002,Van Gogh: Fields - The Field with Poppies and the Artists' Dispute,,Kunsthalle Bremen,,,,,,,,,,,,,"104-105, color repro."
d4f6fe8c-593c-4b18-9f13-d546d8ba588c,F807,Exhibition Catalogue,http://vocab.getty.edu/aat/300026096,2009,2009,Vincent van Gogh -- Between Earth and Heaven: The Landscapes,,Kunstmuseum Basel,,,,,,,,,Basel,,,,"270, repro.  fig. 100."
d4f6fe8c-593c-4b18-9f13-d546d8ba588c,F807,Monograph,http://vocab.getty.edu/aat/300060417,2009,2009,Vincent van Gogh à Auvers,,"Van der Veen, Wouter, and Peter Knapp",,,,,,,,,Paris,,,,"140, repro."
d4f6fe8c-593c-4b18-9f13-d546d8ba588c,F807,Catalogue Raisonné,http://vocab.getty.edu/aat/300026061,1970,1970,The Works of Vincent van Gogh: Paintings and Drawings,,"Faille, J.-B. de la",,,,,,,,,Amsterdam,,,,"no. F807, repro."
a4dbc472-e34e-4173-a4a7-67cba1890327,F502,Monograph,http://vocab.getty.edu/aat/300060417,1939,1939,Vincent Van Gogh,,"Faille, J.-B. de la.",,,,,,,,,New York and Paris,,,,"372, no. 525, repro."
a4dbc472-e34e-4173-a4a7-67cba1890327,F502,Catalogue Raisonné,http://vocab.getty.edu/aat/300026061,1928,1928,"L'Oeuvre de Vincent Van Gogh, catalogue raisonné",,"Faille, J.-B. de la.",,,,,,,,,Paris and Brussels,,,,1:no. 502; 2:repro.
a4dbc472-e34e-4173-a4a7-67cba1890327,F502,Academic Journal,http://vocab.getty.edu/aat/300215390,1981,1982,Van Gogh's Concept of His Oeuvre,,"Uitert, Evert van",,,,Simiolus,,,,"12, no. 4",,,,,"241-242, fig. 14."
a4dbc472-e34e-4173-a4a7-67cba1890327,F502,Monograph,http://vocab.getty.edu/aat/300060417,1958,1958,The Complete Letters of Vincent van Gogh,,"Gogh, Vincent van
Johanna van Gogh-Bonger, ed.",,,,,,,,,,,,,"3:126, letter 573."
a4dbc472-e34e-4173-a4a7-67cba1890327,F502,Monograph,http://vocab.getty.edu/aat/300060417,1930,1930,Vincent Van Gogh,,"Knapp, Fritz",,,,,,,,,Leipzig,,,,"41, pl. 31."
a4dbc472-e34e-4173-a4a7-67cba1890327,F502,Monograph,http://vocab.getty.edu/aat/300060417,1948,1948,"Van Gogh, 1853-1890",,"James, Philip",,,,,,,,,London,,,,"cover repro., 14, pl. 7."
a4dbc472-e34e-4173-a4a7-67cba1890327,F502,Catalogue Raisonné,http://vocab.getty.edu/aat/300026061,2013,2013,"Vincent van Gogh: The Years in France, Complete Paintings 1886-1890",,"Feilchenfeldt, Walter",,,,,,,,,London,,,,"131, repro., as _Oranges, Lemons and Blue Gloves_."
a4dbc472-e34e-4173-a4a7-67cba1890327,F502,Periodical,http://vocab.getty.edu/aat/300026657,1962,1962,,,,,,,The Burlington Magazine,,,,"104, no. 710",,,,,"n.p., repro."
a4dbc472-e34e-4173-a4a7-67cba1890327,F502,Academic Journal,http://vocab.getty.edu/aat/300215390,1993,1993,Cézanne en Van Gogh in het Rijksmuseum voor Moderne Kunst in Amsterdam: de collectie van Cornelis Hoogendijk (1866-1911),,"Henkels, Herbert",,,,Bulletin van het Rijksmuseum,,,,"41, no. 3-4",,,,,"227, 228 fig. 102, 292."
a4dbc472-e34e-4173-a4a7-67cba1890327,F502,Periodical,http://vocab.getty.edu/aat/300026657,2014,2014,National Gallery of Art Bulletin,,Various,,,,National Gallery of Art Bulletin,,,,no. 51,,,,,"14, repro."
a4dbc472-e34e-4173-a4a7-67cba1890327,F502,Periodical,http://vocab.getty.edu/aat/300026657,1929,1929,Van Gogh in 1929: Europe and America,,"Rutter, Frank and Helen Comstock",,,,International Studio,,,,93,,,,,"38-41, repro."
a4dbc472-e34e-4173-a4a7-67cba1890327,F502,Exhibition Catalogue,http://vocab.getty.edu/aat/300026096,1966,1966,French Paintings from the Collections of Mr. and Mrs. Paul Mellon and  Mrs. Mellon Bruce,,,,,,,,,,,"National Gallery of Art, Washington",,,,repro. no. 134.
a4dbc472-e34e-4173-a4a7-67cba1890327,F502,Monograph,http://vocab.getty.edu/aat/300060417,1996,1996,Vincent van Gogh: Still Life with Peonies,,"Klusmann, Georg",,,,,,,,,Mainburg,,,,44.
a4dbc472-e34e-4173-a4a7-67cba1890327,F502,Periodical,http://vocab.getty.edu/aat/300026657,1948,1948,Vincent van Gogh en de Hagenaars: Een stilleven bij Van Wisselingh,,"Engelman, Jan",,,,De Tijd,,,,,,,,,repro.
a4dbc472-e34e-4173-a4a7-67cba1890327,F502,Catalogue Raisonné,http://vocab.getty.edu/aat/300026061,1970,1970,The Works of Vincent van Gogh: Paintings and Drawings,,"Faille, J.-B. de la",,,,,,,,,Amsterdam,,,,"no. F502, repro"
